Name,Hash,Id,Tag,Rarity,Tier,Type,Source,Equippable,Power,Energy Capacity,Archetype,Tertiary Stat,Tuning Stat,Masterwork Tier,Owner,Locked,Equipped,Holofoil,Year,Season,Event,Weapons,Health,Class,Grenade,Super,Melee,Total,Weapons (Base),Health (Base),Class (Base),Grenade (Base),Super (Base),Melee (Base),Total (Base),Seasonal Mod,Loadouts,Notes,Perks 0,Perks 1,Perks 2,Perks 3,Perks 4,Perks 5,Perks 6,Perks 7,Perks 8
ACD/0 Feedback Fence,2563444729,"""6917529752827590147""",archive,Exotic,0,Gauntlets,,Titan,10,3,,,,3,Vault,true,false,false,1,1,,2,21,12,7,9,14,65,2,21,12,7,9,14,65,,,,Fury Conductors*,,,,,,,,
Actium War Rig,1591207518,"""6917529810199647481""",archive,Exotic,0,Chest Armor,,Titan,10,1,,,,1,Vault,true,false,false,1,1,,3,25,7,6,15,8,64,3,25,7,6,15,8,64,,,,Auto-Loading Link*,,,,,,,,
Aeon Safe,1654461647,"""6917529850565088313""",archive,Exotic,0,Gauntlets,,Titan,10,4,,,,4,Vault,true,false,false,1,2,,16,17,2,17,2,13,67,16,17,2,17,2,13,67,,,,Sect of Force*,,,,,,,,
Aeon Soul,2950045886,"""6917529867027087088""",archive,Exotic,0,Gauntlets,,Warlock,10,4,,,,4,Vault,true,false,false,1,2,,6,18,8,13,16,2,63,6,18,8,13,16,2,63,,,,Sect of Force*,,,,,,,,
Aeon Soul,2950045886,"""6917530123583587122""",archive,Exotic,0,Gauntlets,,Warlock,10,8,,,,8,Vault,true,false,false,1,2,,2,14,13,12,20,2,63,2,14,13,12,20,2,63,,,,Sect of Force*,,,,,,,,
An Insurmountable Skullfort,3216110440,"""6917529809449172319""",archive,Exotic,0,Helmet,,Titan,10,4,,,,4,Vault,true,false,false,1,1,,2,13,18,12,2,15,62,2,13,18,12,2,15,62,,,,Transfusion Matrix*,,,,,,,,
Antaeus Wards,2423243921,"""6917529850570330852""",archive,Exotic,0,Leg Armor,,Titan,10,2,,,,2,Vault,true,false,false,2,4,,3,16,17,21,2,8,67,3,16,17,21,2,8,67,,,,Reflective Vents*,,,,,,,,
Anti-Hero Victory,2629014079,"""6917529752865068707""",keep,Legendary,0,Titan Mark,engram,Titan,10,10,,,,10,Titan(10),true,false,false,3,11,,2,2,2,2,2,2,12,0,0,0,0,0,0,0,,00001:Cuirass of the Thundercrash,,Jacarina*,Meridian Constellation Mark*,,,,,,,
Apotheosis Veil,1096253259,"""6917530003372820914""",archive,Exotic,0,Helmet,,Warlock,10,10,,,,10,Vault,true,false,false,1,3,,4,23,22,12,22,4,87,2,11,20,10,20,2,65,,,,Insatiable*,Health Mod*,Harmonic Siphon*,Radiant Light*,Super Font*,Superblack*,,,
Ashen Wake,1734844650,"""6917529821461029116""",keep,Exotic,0,Gauntlets,,Titan,10,9,,,,9,Titan(10),true,true,false,1,3,,8,20,6,16,9,7,66,8,20,6,16,9,7,66,,"00002:D2ArmorPicker Loadout12,Raid",,Bring the Heat*,Grenade Kickstart*,Grenade Kickstart*,Grenade Kickstart*,Spark of Joy*,,,,
Ashen Wake,1203306857,"""6917530141914187256""",archive,Exotic,5,Gauntlets,,Titan,200,11,Paragon,grenade,,0,Vault,true,false,false,1,3,,0,0,0,20,30,25,75,0,0,0,20,30,25,75,,,,Bring the Heat*,Upgrade Armor*,,,,,,,
Astrocyte Verse,3948284065,"""6917530023025681136""",keep,Exotic,0,Helmet,,Warlock,10,10,,,,10,Vault,true,false,false,2,7,,5,28,19,22,15,4,93,3,16,17,20,10,2,68,artifice,00001:PVP Void Blink,,Move to Survive*,Health Mod*,Harmonic Siphon*,In-Flight Compensator*,Kinetic Targeting*,Super Forged*,Primer*,,
Ballidorse Wrathweavers,3831935023,"""6917530003017252701""",archive,Exotic,0,Gauntlets,,Warlock,10,3,,,,3,Vault,true,false,false,6,20,,6,2,25,20,7,6,66,6,2,25,20,7,6,66,,,,Hearts of Ice*,,,,,,,,
Boots of the Assembler,3045642045,"""6917530003059821940""",archive,Exotic,0,Leg Armor,,Warlock,10,3,,,,3,Vault,true,false,false,4,14,,2,12,19,26,6,2,67,2,12,19,26,6,2,67,,,,Blessing of Order*,,,,,,,,
Boots of the Assembler,597039524,"""6917530138550078195""",archive,Exotic,5,Leg Armor,rahool,Warlock,375,11,Gunner,class,,0,Vault,true,false,false,4,14,,30,0,20,25,0,0,75,30,0,20,25,0,0,75,,,,Blessing of Order*,Upgrade Armor*,,,,,,,
Briarbinds,3234692237,"""6917530020366294402""",archive,Exotic,0,Gauntlets,,Warlock,10,1,,,,1,Vault,true,false,false,6,22,,6,15,10,16,6,12,65,6,15,10,16,6,12,65,,,,One with the Void*,,,,,,,,
Briarbinds,768145972,"""6917530141596341727""",archive,Exotic,5,Gauntlets,rahool,Warlock,410,11,Specialist,grenade,,0,Vault,true,false,false,6,22,,25,0,30,20,0,0,75,25,0,30,20,0,0,75,,,,One with the Void*,Upgrade Armor*,,,,,,,
Bushido Gloves,970712027,"""6917530142377304561""",archive,Legendary,4,Gauntlets,,Warlock,200,11,Bulwark,melee,,0,Vault,true,false,false,8,27,,0,30,25,0,0,20,75,0,30,25,0,0,20,75,,,,Upgrade Armor*,,,,,,,,
Celestial Nighthawk,1321354573,"""6917529780200286025""",archive,Exotic,0,Helmet,,Hunter,10,1,,,,1,Hunter(10),true,false,false,1,1,,10,17,6,6,17,9,65,10,17,6,6,17,9,65,,,,Hawkeye Hack*,,,,,,,,
Cenotaph Mask,2374129871,"""6917530003044327342""",archive,Exotic,0,Helmet,,Warlock,10,10,,,,10,Vault,true,false,false,6,21,,14,12,22,28,8,4,88,12,10,10,26,6,2,66,,,,High Priority*,Class Mod*,Harmonic Siphon*,Heavy Ammo Finder*,Jacarina*,,,,
Cenotaph Mask,2374129871,"""6917530062036919305""",archive,Exotic,0,Helmet,,Warlock,10,1,,,,1,Vault,true,false,false,6,21,,10,7,14,29,2,2,64,10,7,14,29,2,2,64,,,,High Priority*,,,,,,,,
Chromatic Fire,4057299718,"""6917529742040546683""",archive,Exotic,0,Chest Armor,,Warlock,10,1,,,,1,Vault,true,false,false,2,4,,2,14,19,24,2,7,68,2,14,19,24,2,7,68,,,,Crystalline Transistor*,,,,,,,,
Claws of Ahamkara,3288917178,"""6917530002373366099""",archive,Exotic,0,Gauntlets,,Warlock,10,1,,,,1,Vault,true,false,false,1,3,,6,24,4,14,2,13,63,6,24,4,14,2,13,63,,,,The Whispers*,,,,,,,,
Contraverse Hold,1906093346,"""6917529763853096304""",archive,Exotic,0,Gauntlets,,Warlock,10,10,,,,10,Vault,true,false,false,2,4,,4,10,25,31,4,4,78,2,8,23,29,2,2,66,,,,Chaotic Exchanger*,Dawning Celebration*,Grasp of the Void*,,,,,,
Contraverse Hold,1906093346,"""6917529937494691492""",archive,Exotic,0,Gauntlets,,Warlock,10,3,,,,3,Vault,true,false,false,2,4,,2,14,17,13,15,2,63,2,14,17,13,15,2,63,,,,Chaotic Exchanger*,,,,,,,,
Contraverse Hold,3261527845,"""6917530130609854812""",archive,Exotic,5,Gauntlets,,Warlock,200,11,Brawler,weapons,,0,Vault,true,false,false,2,4,,20,25,0,0,0,30,75,20,25,0,0,0,30,75,,,,Chaotic Exchanger*,Upgrade Armor*,,,,,,,
Crest of Alpha Lupi,1591207519,"""6917529810189334304""",archive,Exotic,0,Chest Armor,,Titan,10,1,,,,1,Titan(10),true,false,false,1,1,,3,27,3,12,12,8,65,3,27,3,12,12,8,65,,,,Survival Well*,,,,,,,,
Crown of Tempests,3381022969,"""6917529976781280672""",archive,Exotic,0,Helmet,,Warlock,10,9,,,,9,Vault,true,false,false,1,1,,7,20,7,20,2,10,66,7,20,7,20,2,10,66,,,,Conduction Tines*,Ashes to Assets*,Ashes to Assets*,Ashes to Assets*,Superblack*,,,,
Crown of Tempests,925466718,"""6917530144515095825""",archive,Exotic,5,Helmet,,Warlock,422,11,Paragon,health,,0,Vault,true,false,false,1,1,,0,20,0,0,30,25,75,0,20,0,0,30,25,75,,,,Conduction Tines*,Upgrade Armor*,,,,,,,
Crown of Tempests,925466718,"""6917530145902233310""",archive,Exotic,5,Helmet,,Warlock,429,11,Gunner,super,,0,Vault,true,false,false,1,1,,30,0,0,25,20,0,75,30,0,0,25,20,0,75,,,,Conduction Tines*,Upgrade Armor*,,,,,,,
Crown of Tempests,925466718,"""6917530146804067886""",archive,Exotic,5,Helmet,,Warlock,457,11,Bulwark,super,,0,Vault,true,false,false,1,1,,0,30,25,0,20,0,75,0,30,25,0,20,0,75,,,,Conduction Tines*,Upgrade Armor*,,,,,,,
Crushing Guard (CODA),818644818,"""6917529864348699717""",archive,Legendary,0,Gauntlets,trials,Titan,10,1,,,,1,Titan(10),true,false,false,3,11,,6,18,6,14,2,17,63,6,18,6,14,2,17,63,,,dismantle,,,,,,,,,
Cuirass of the Falling Star,2321120637,"""6917529810180750894""",keep,Exotic,0,Chest Armor,,Titan,10,10,,,,10,Titan(10),true,false,false,4,13,,4,14,14,14,22,4,72,2,12,12,12,20,2,60,,00001:Cuirass of the Thundercrash,,Glorious Charge*,Jacarina*,,,,,,,
Dawn Chorus,2316914168,"""6917529936911785968""",archive,Exotic,0,Helmet,,Warlock,10,4,,,,4,Vault,true,false,false,4,12,,7,2,24,26,2,6,67,7,2,24,26,2,6,67,,,,Rites of Ember*,,,,,,,,
Dawn Chorus,2316914168,"""6917529937534539760""",archive,Exotic,0,Helmet,,Warlock,10,10,,,,10,Vault,true,false,false,4,12,,4,19,26,18,4,16,87,2,17,14,16,2,14,65,,,,Rites of Ember*,Class Mod*,Harmonic Siphon*,Powerful Friends*,Heavy Ammo Finder*,Erebos Glance*,Phoenix Renascence*,,
Deep Explorer Bond,4204065279,"""6917530184201888251""",,Legendary,5,Warlock Bond,duality,Warlock,493,11,Gunner,class,class,0,Warlock(433),false,false,false,8,28,,30,0,20,25,0,0,75,30,0,20,25,0,0,75,,,,Upgrade Armor*,,,,,,,,
Deep Explorer Boots,2344969900,"""6917530184205966233""",,Legendary,5,Leg Armor,duality,Warlock,493,11,Reaver,grenade,super,0,Warlock(433),false,false,false,8,28,,0,0,30,20,0,25,75,0,0,30,20,0,25,75,,,,Upgrade Armor*,,,,,,,,
Deep Explorer Gloves,3260781446,"""6917529862524221633""",archive,Legendary,0,Gauntlets,duality,Warlock,410,10,,,,10,Vault,true,false,false,5,17,,4,4,30,45,4,4,91,2,2,28,30,2,2,66,artifice,,,Artifice Armor*,Grenade Mod*,Grenade Kickstart*,Firepower*,Fastball*,Grenade Forged*,Long Journeys*,Hexwrought Gloves*,
Deep Explorer Gloves,1943628306,"""6917530184209773312""",,Legendary,5,Gauntlets,duality,Warlock,493,11,Gunner,super,health,0,Warlock(433),false,false,false,8,28,,30,0,0,25,20,0,75,30,0,0,25,20,0,75,,,,Upgrade Armor*,,,,,,,,
Deep Explorer Vestments,2057955626,"""6917529862504347474""",archive,Legendary,0,Chest Armor,duality,Warlock,255,10,,,,10,Vault,true,false,false,5,17,,4,14,22,22,4,25,91,2,12,20,20,2,10,66,artifice,,,Artifice Armor*,Melee Mod*,Arc Resistance*,Solar Resistance*,Sniper Damage Resistance*,Melee Forged*,Primer*,Chromacloak Robes*,
Deimosuffusion,1479082657,"""6917530184567068778""",,Exotic,5,Helmet,rahool,Warlock,500,11,Reaver,weapons,,0,Warlock(433),false,false,false,8,28,,20,0,30,0,0,25,75,20,0,30,0,0,25,75,,,,Malevolent Grasp*,Upgrade Armor*,,,,,,,
Deimosuffusion,1479082657,"""6917530184589616272""",,Exotic,5,Helmet,rahool,Warlock,504,11,Reaver,super,,0,Warlock(433),false,false,false,8,28,,0,0,30,0,20,25,75,0,0,30,0,20,25,75,,,,Malevolent Grasp*,Upgrade Armor*,,,,,,,
Disaster Corps Bond,1703017178,"""6917530146598519844""",archive,Legendary,5,Warlock Bond,,Warlock,441,11,Grenadier,health,melee,0,Vault,true,false,false,8,27,,0,20,0,30,25,0,75,0,20,0,30,25,0,75,,,,Upgrade Armor*,,,,,,,,
Disaster Corps Bond,1703017178,"""6917530146811147752""",archive,Legendary,5,Warlock Bond,,Warlock,459,11,Brawler,super,health,0,Vault,true,false,false,8,27,,0,25,0,0,20,30,75,0,25,0,0,20,30,75,,,,Upgrade Armor*,,,,,,,,
Disaster Corps Boots,586381823,"""6917530146790134086""",archive,Legendary,5,Leg Armor,,Warlock,457,11,Gunner,super,class,0,Vault,true,false,false,8,27,,30,0,0,25,20,0,75,30,0,0,25,20,0,75,,,,Upgrade Armor*,,,,,,,,
Disaster Corps Boots,586381823,"""6917530146791873115""",archive,Legendary,5,Leg Armor,,Warlock,457,11,Paragon,health,health,0,Vault,true,false,false,8,27,,0,20,0,0,30,25,75,0,20,0,0,30,25,75,,,,Upgrade Armor*,,,,,,,,
Disaster Corps Boots,586381823,"""6917530146802386186""",archive,Legendary,5,Leg Armor,,Warlock,447,11,Brawler,class,class,0,Vault,true,false,false,8,27,,0,25,20,0,0,30,75,0,25,20,0,0,30,75,,,,Upgrade Armor*,,,,,,,,
Disaster Corps Boots,586381823,"""6917530146809583943""",archive,Legendary,5,Leg Armor,,Warlock,448,11,Bulwark,grenade,weapons,0,Vault,true,false,false,8,27,,0,30,25,20,0,0,75,0,30,25,20,0,0,75,,,,Upgrade Armor*,,,,,,,,
Disaster Corps Boots,586381823,"""6917530147113561331""",archive,Legendary,5,Leg Armor,,Warlock,451,11,Brawler,super,weapons,0,Vault,true,false,false,8,27,,0,25,0,0,20,30,75,0,25,0,0,20,30,75,,,,Upgrade Armor*,,,,,,,,
Disaster Corps Boots,586381823,"""6917530147197322214""",archive,Legendary,5,Leg Armor,,Warlock,455,11,Paragon,health,health,0,Vault,true,false,false,8,27,,0,20,0,0,30,25,75,0,20,0,0,30,25,75,,,,Upgrade Armor*,,,,,,,,
Disaster Corps Boots,586381823,"""6917530148361545704""",archive,Legendary,5,Leg Armor,,Warlock,468,11,Bulwark,super,melee,0,Vault,true,false,false,8,27,,0,30,25,0,20,0,75,0,30,25,0,20,0,75,,,,Upgrade Armor*,,,,,,,,
Disaster Corps Boots,586381823,"""6917530149094562558""",keep,Legendary,5,Leg Armor,,Warlock,471,11,Gunner,class,weapons,4,Warlock(433),true,true,false,8,27,,35,4,20,35,4,-1,97,30,0,20,25,0,0,75,,"00003:Beta,Crucible,🔥Eunoia",,Grenade Mod*,Solar Weapon Surge*,Solar Weapon Surge*,Upgrade Armor*,+Weapons / -Melee*,,,,
Disaster Corps Gloves,2557300061,"""6917530145867410053""",archive,Legendary,5,Gauntlets,,Warlock,444,11,Specialist,grenade,weapons,0,Vault,true,false,false,8,27,,25,0,30,20,0,0,75,25,0,30,20,0,0,75,,,,Upgrade Armor*,,,,,,,,
Disaster Corps Gloves,2557300061,"""6917530146627885420""",archive,Legendary,5,Gauntlets,,Warlock,443,11,Bulwark,super,super,0,Vault,true,false,false,8,27,,0,30,25,0,20,0,75,0,30,25,0,20,0,75,,,,Upgrade Armor*,,,,,,,,
Disaster Corps Gloves,2557300061,"""6917530146627886273""",archive,Legendary,5,Gauntlets,,Warlock,455,11,Grenadier,health,grenade,0,Vault,true,false,false,8,27,,0,20,0,30,25,0,75,0,20,0,30,25,0,75,,,,Upgrade Armor*,,,,,,,,
Disaster Corps Gloves,2557300061,"""6917530146816287916""",archive,Legendary,5,Gauntlets,,Warlock,460,11,Paragon,weapons,weapons,0,Vault,true,false,false,8,27,,20,0,0,0,30,25,75,20,0,0,0,30,25,75,,,,Upgrade Armor*,,,,,,,,
Disaster Corps Gloves,2557300061,"""6917530147126838125""",archive,Legendary,5,Gauntlets,,Warlock,451,11,Bulwark,super,weapons,0,Vault,true,false,false,8,27,,0,30,25,0,20,0,75,0,30,25,0,20,0,75,,,,Upgrade Armor*,,,,,,,,
Disaster Corps Gloves,2557300061,"""6917530147126839129""",archive,Legendary,5,Gauntlets,,Warlock,463,11,Brawler,grenade,weapons,0,Vault,true,false,false,8,27,,0,25,0,20,0,30,75,0,25,0,20,0,30,75,,,,Upgrade Armor*,,,,,,,,
Disaster Corps Gloves,2557300061,"""6917530147126840052""",archive,Legendary,5,Gauntlets,,Warlock,452,11,Brawler,grenade,weapons,0,Vault,true,false,false,8,27,,0,25,0,20,0,30,75,0,25,0,20,0,30,75,,,,Upgrade Armor*,,,,,,,,
Disaster Corps Gloves,2557300061,"""6917530147128612952""",archive,Legendary,5,Gauntlets,,Warlock,463,11,Grenadier,melee,grenade,0,Vault,true,false,false,8,27,,0,0,0,30,25,20,75,0,0,0,30,25,20,75,,,,Upgrade Armor*,,,,,,,,
Disaster Corps Gloves,2557300061,"""6917530147183596173""",archive,Legendary,5,Gauntlets,,Warlock,466,11,Specialist,grenade,health,0,Vault,true,false,false,8,27,,25,0,30,20,0,0,75,25,0,30,20,0,0,75,,,,Upgrade Armor*,,,,,,,,
Disaster Corps Gloves,2557300061,"""6917530148361548814""",archive,Legendary,5,Gauntlets,,Warlock,457,11,Gunner,class,class,0,Vault,true,false,false,8,27,,30,0,20,25,0,0,75,30,0,20,25,0,0,75,,,,Upgrade Armor*,,,,,,,,
Disaster Corps Gloves,2557300061,"""6917530148361548818""",archive,Legendary,5,Gauntlets,,Warlock,457,11,Gunner,health,class,0,Vault,true,false,false,8,27,,30,20,0,25,0,0,75,30,20,0,25,0,0,75,,,,Upgrade Armor*,,,,,,,,
Disaster Corps Hood,2992986244,"""6917530146442829379""",archive,Legendary,5,Helmet,,Warlock,452,11,Specialist,melee,health,0,Vault,true,false,false,8,27,,25,0,30,0,0,20,75,25,0,30,0,0,20,75,,,,Upgrade Armor*,,,,,,,,
Disaster Corps Hood,2992986244,"""6917530146804071116""",keep,Legendary,5,Helmet,,Warlock,460,11,Bulwark,super,health,5,Warlock(433),true,false,false,8,27,,0,45,25,5,20,5,100,0,30,25,0,20,0,75,,"00003:Arc,PVP TSteps,Prismatic",,Health Mod*,Radiant Light*,In-Flight Compensator*,In-Flight Compensator*,Upgrade Armor*,+Health / -Weapons*,Erebos Glance*,Hood of the Exile*,
Disaster Corps Hood,2992986244,"""6917530147185422200""",archive,Legendary,5,Helmet,,Warlock,465,11,Brawler,weapons,grenade,0,Vault,true,false,false,8,27,,20,25,0,0,0,30,75,20,25,0,0,0,30,75,,,,Upgrade Armor*,,,,,,,,
Disaster Corps Hood,2992986244,"""6917530147199004368""",archive,Legendary,5,Helmet,,Warlock,467,11,Specialist,health,health,0,Vault,true,false,false,8,27,,25,20,30,0,0,0,75,25,20,30,0,0,0,75,,,,Upgrade Armor*,,,,,,,,
Disaster Corps Hood,2992986244,"""6917530148360091376""",archive,Legendary,5,Helmet,,Warlock,457,11,Bulwark,super,melee,0,Vault,true,false,false,8,27,,0,30,25,0,20,0,75,0,30,25,0,20,0,75,,,,Upgrade Armor*,,,,,,,,
Disaster Corps Hood,2992986244,"""6917530148362889666""",archive,Legendary,5,Helmet,,Warlock,470,11,Paragon,weapons,class,0,Vault,true,false,false,8,27,,20,0,0,0,30,25,75,20,0,0,0,30,25,75,,,,Upgrade Armor*,,,,,,,,
Disaster Corps Vestment,2804194275,"""6917530146593711841""",archive,Legendary,5,Chest Armor,,Warlock,452,11,Specialist,grenade,health,0,Vault,true,false,false,8,27,,25,0,30,20,0,0,75,25,0,30,20,0,0,75,,,,Upgrade Armor*,,,,,,,,
Disaster Corps Vestment,2804194275,"""6917530146814650054""",archive,Legendary,5,Chest Armor,,Warlock,448,11,Grenadier,melee,super,0,Vault,true,false,false,8,27,,0,0,0,30,25,20,75,0,0,0,30,25,20,75,,,,Upgrade Armor*,,,,,,,,
Disaster Corps Vestment,2804194275,"""6917530147109684565""",archive,Legendary,5,Chest Armor,,Warlock,462,11,Specialist,melee,health,0,Vault,true,false,false,8,27,,25,0,30,0,0,20,75,25,0,30,0,0,20,75,,,,Upgrade Armor*,,,,,,,,
Disaster Corps Vestment,2804194275,"""6917530147200896255""",archive,Legendary,5,Chest Armor,,Warlock,455,11,Brawler,grenade,melee,0,Vault,true,false,false,8,27,,0,25,0,20,0,30,75,0,25,0,20,0,30,75,,,,Upgrade Armor*,,,,,,,,
Dunemarchers,1160559849,"""6917529850221065838""",archive,Exotic,0,Leg Armor,,Titan,10,1,,,,1,Vault,true,false,false,1,1,,7,23,2,17,6,7,62,7,23,2,17,6,7,62,,,,Linear Actuators*,,,,,,,,
Eidolon Pursuant Gauntlets,2388383505,"""6917529800840255538""",archive,Legendary,0,Gauntlets,haunted,Titan,10,10,,,,10,Titan(10),true,false,false,5,17,,8,15,14,18,14,8,77,6,13,12,16,12,6,65,,,,Scarlet Semblance*,Epialos Following Gauntlets*,,,,,,,
Eidolon Pursuant Greaves,1795075811,"""6917529800840256043""",keep,Legendary,0,Leg Armor,haunted,Titan,10,7,,,,7,Titan(10),true,false,false,5,17,,6,2,23,19,8,6,64,6,2,23,19,8,6,64,,"00002:Bonk Titan Season 19,Cuirass of the Thundercrash",,Jacarina*,Hardened Basilisk Legplates*,,,,,,,
Eidolon Pursuant Handguards,2489136103,"""6917529810041416612""",keep,Legendary,0,Gauntlets,haunted,Hunter,10,9,,,,9,Hunter(10),true,true,false,5,17,,20,6,6,13,22,6,73,20,6,6,13,12,6,63,,00001:Churo Chi Build,,Super Mod*,Jacarina*,Streetwise Grips*,,,,,,
Eidolon Pursuant Helm,527342912,"""6917529806564269349""",keep,Legendary,0,Helmet,haunted,Titan,10,8,,,,8,Vault,true,false,false,5,17,,12,11,9,11,16,2,61,12,11,9,11,16,2,61,,00001:Bonk Titan Season 19,dismantle,Monochromatic*,Epialos Following Helm*,,,,,,,
Eidolon Pursuant Mask,1285042454,"""6917529810041413997""",archive,Legendary,0,Helmet,haunted,Hunter,10,10,,,,10,Hunter(10),true,true,false,5,17,,18,4,18,11,17,8,76,16,2,16,9,15,6,64,,,,Special Ammo Finder*,Special Ammo Finder*,Special Ammo Finder*,Jacarina*,Streetwise Mask*,,,,
Eidolon Pursuant Tunic,29154321,"""6917529810033896933""",archive,Legendary,0,Chest Armor,haunted,Hunter,10,9,,,,9,Hunter(10),true,true,false,5,17,,17,2,12,2,31,9,73,17,2,12,2,21,9,63,,,dismantle,Super Mod*,Concussive Dampener*,Solar Resistance*,,,,,,
Eternal Warrior,2808156426,"""6917529812534686251""",archive,Exotic,0,Helmet,,Titan,10,5,,,,5,Vault,true,false,false,1,3,,9,15,8,10,10,10,62,9,15,8,10,10,10,62,,,,Resolute*,,,,,,,,
Eunoia,3481695565,"""6917530128089604505""",keep,Exotic,5,Gauntlets,rahool,Warlock,445,11,Specialist,health,,5,Warlock(433),true,true,false,8,27,,25,20,30,5,15,5,100,25,20,30,0,0,0,75,,"00003:Beta,Crucible,🔥Eunoia",,Consul's Pitch*,Super Mod*,Harmonic Loader*,Impact Induction*,Grenade Font*,Upgrade Armor*,Organic Adornment*,,
Eunoia,3481695565,"""6917530140813541786""",archive,Exotic,5,Gauntlets,rahool,Warlock,300,11,Paragon,class,,0,Vault,true,false,false,8,27,,0,0,20,0,30,25,75,0,0,20,0,30,25,75,,,,Consul's Pitch*,Upgrade Armor*,,,,,,,
Eutechnology Bond,4078840342,"""6917530184174859305""",archive,Legendary,4,Warlock Bond,,Warlock,492,11,Reaver,weapons,,0,Vault,true,false,false,8,28,,20,0,30,0,0,25,75,20,0,30,0,0,25,75,,,,Upgrade Armor*,,,,,,,,
Eutechnology Bond,4078840342,"""6917530184606117870""",,Legendary,5,Warlock Bond,,Warlock,504,11,Gunner,health,class,0,Warlock(433),false,false,false,8,28,,30,20,0,25,0,0,75,30,20,0,25,0,0,75,,,,Upgrade Armor*,,,,,,,,
Eutechnology Boots,1683071779,"""6917530184168186369""",archive,Legendary,4,Leg Armor,,Warlock,492,11,Bulwark,super,,0,Vault,true,false,false,8,28,,0,30,25,0,20,0,75,0,30,25,0,20,0,75,,,,Upgrade Armor*,,,,,,,,
Eutechnology Boots,1683071779,"""6917530184604047758""",,Legendary,3,Leg Armor,,Warlock,492,10,Specialist,melee,,0,Warlock(433),false,false,false,8,28,,22,0,29,0,0,16,67,22,0,29,0,0,16,67,,,,,,,,,,,,
Eutechnology Cover,4285848704,"""6917530184557290101""",,Legendary,5,Helmet,,Warlock,500,11,Reaver,weapons,health,0,Warlock(433),false,false,false,8,28,,20,0,30,0,0,25,75,20,0,30,0,0,25,75,,,,Upgrade Armor*,,,,,,,,
Eutechnology Gloves,1851922001,"""6917530184604042838""",,Legendary,3,Gauntlets,,Warlock,492,10,Reaver,health,,0,Warlock(433),false,false,false,8,28,,0,14,30,0,0,21,65,0,14,30,0,0,21,65,,,,,,,,,,,,
Eutechnology Gloves,1851922001,"""6917530184608285198""",,Legendary,5,Gauntlets,,Warlock,504,11,Reaver,grenade,grenade,0,Warlock(433),false,false,false,8,28,,0,0,30,20,0,25,75,0,0,30,20,0,25,75,,,,Upgrade Armor*,,,,,,,,
Eutechnology Robes,2897411591,"""6917530184168185262""",archive,Legendary,4,Chest Armor,,Warlock,492,11,Skirmisher,class,,0,Vault,true,false,false,8,28,,24,0,20,0,0,30,74,24,0,20,0,0,30,74,,,,Upgrade Armor*,,,,,,,,
Eutechnology Robes,2897411591,"""6917530184557291513""",,Legendary,4,Chest Armor,,Warlock,487,11,Reaver,grenade,,0,Warlock(433),false,false,false,8,28,,0,0,30,20,0,25,75,0,0,30,20,0,25,75,,,,Upgrade Armor*,,,,,,,,
Eye of Another World,3381022970,"""6917529948948070030""",archive,Exotic,0,Helmet,,Warlock,10,1,,,,1,Vault,true,false,false,1,1,,10,2,24,25,2,6,69,10,2,24,25,2,6,69,,,,Cerebral Uplink*,,,,,,,,
Eye of Another World,925466717,"""6917530184553435791""",,Exotic,5,Helmet,,Warlock,501,11,Reaver,weapons,,0,Vault,false,false,false,1,1,,20,0,30,0,0,25,75,20,0,30,0,0,25,75,,,,Cerebral Uplink*,Upgrade Armor*,,,,,,,
Fallen Sunstar,1849149215,"""6917529861595836452""",archive,Exotic,0,Helmet,,Warlock,10,10,,,,10,Vault,true,false,false,5,18,,9,23,12,21,12,4,81,7,16,10,19,10,2,64,,,,Ionic Conductor*,Minor Health Mod*,Harmonic Siphon*,Ashes to Assets*,Dynamo*,Vintage Timber*,,,
Felwinter's Helm,2822465023,"""6917530002305409248""",archive,Exotic,0,Helmet,,Warlock,10,10,,,,10,Vault,true,false,false,3,10,,8,16,19,22,9,8,82,6,14,12,20,7,6,65,,,,Warlord's End*,Minor Class Mod*,Harmonic Siphon*,Hands-On*,Heavy Ammo Finder*,Superblack*,,,
Felwinter's Helm,728668916,"""6917530131402309931""",archive,Exotic,5,Helmet,,Warlock,200,11,Brawler,weapons,,5,Vault,true,false,false,3,10,,20,25,5,5,5,40,100,20,25,0,0,0,30,75,,,,Warlord's End*,Melee Mod*,Harmonic Siphon*,Hands-On*,Super Font*,Upgrade Armor*,Primer*,,
Foetracer,896224899,"""6917529474548872797""",archive,Exotic,0,Helmet,,Hunter,10,2,,,,2,Vault,true,false,false,1,1,,4,20,9,2,7,23,65,4,20,9,2,7,23,65,,,,Relentless Tracker*,,,,,,,,
Fr0st-EE5,609852545,"""6917529454612688546""",archive,Exotic,0,Leg Armor,,Hunter,10,4,,,,4,Vault,true,false,false,1,3,,8,16,12,20,8,2,66,8,16,12,20,8,2,66,,,,Rapid Cooldown*,,,,,,,,
Gemini Jester,1163283805,"""6917529504624869277""",archive,Exotic,0,Leg Armor,,Hunter,10,1,,,,1,Vault,true,false,false,1,2,,14,17,2,18,12,2,65,14,17,2,18,12,2,65,,,,Misdirection*,,,,,,,,
Geomag Stabilizers,121305948,"""6917529858735279723""",archive,Exotic,0,Leg Armor,,Warlock,10,10,,,,10,Vault,true,false,false,2,4,,14,14,18,21,8,10,85,12,7,16,19,6,8,68,,,,Close Enough*,Minor Health Mod*,Void Scavenger*,Stacks on Stacks*,Innervation*,Superblack*,,,
Geomag Stabilizers,121305948,"""6917529937157406601""",archive,Exotic,0,Leg Armor,,Warlock,10,10,,,,10,Vault,true,false,false,2,4,,8,36,6,18,4,18,90,6,24,4,16,2,16,68,,,,Close Enough*,Health Mod*,Innervation*,Recuperation*,Absolution*,,,,
Geomag Stabilizers,121305948,"""6917529976778744635""",archive,Exotic,0,Leg Armor,,Warlock,10,10,,,,10,Vault,true,false,false,2,4,,8,15,28,18,4,16,89,6,3,26,16,2,14,67,,,,Close Enough*,Health Mod*,Innervation*,Recuperation*,Absolution*,,,,
Geomag Stabilizers,3608857511,"""6917530137588802739""",archive,Exotic,5,Leg Armor,,Warlock,316,11,Grenadier,health,,0,Vault,true,false,false,2,4,,0,20,0,30,25,0,75,0,20,0,30,25,0,75,,,,Close Enough*,Upgrade Armor*,,,,,,,
Geomag Stabilizers,3608857511,"""6917530138998958892""",archive,Exotic,5,Leg Armor,,Warlock,382,11,Grenadier,melee,,0,Vault,true,false,false,2,4,,0,0,0,30,25,20,75,0,0,0,30,25,20,75,,,,Close Enough*,Upgrade Armor*,,,,,,,
Getaway Artist,3084282676,"""6917530006076199755""",archive,Exotic,0,Gauntlets,,Warlock,75,10,,,,10,Vault,true,false,false,2,6,,4,19,19,29,4,8,83,2,17,17,22,2,6,66,,,,Dynamic Duo*,Minor Grenade Mod*,Bolstering Detonation*,Grenade Kickstart*,Kinetic Loader*,Primer*,,,
Graviton Forfeit,2773056939,"""6917529343976797236""",archive,Exotic,0,Helmet,,Hunter,10,1,,,,1,Vault,true,false,false,1,2,,17,2,15,12,11,8,65,17,2,15,12,11,8,65,,,,Vanishing Shadow*,,,,,,,,
Heart of Inmost Light,1341951177,"""6917529752839045875""",archive,Exotic,0,Chest Armor,,Titan,10,7,,,,7,Titan(10),true,false,false,2,4,,26,3,7,17,7,8,68,26,3,7,17,7,8,68,,,,Overflowing Light*,Whispered Sheen*,,,,,,,
Helm of Saint-14,106575079,"""6917529814514258939""",archive,Exotic,0,Helmet,,Titan,10,4,,,,4,Vault,true,false,false,1,2,,2,15,16,8,21,2,64,2,15,16,8,21,2,64,,,,Starless Night*,,,,,,,,
Insight Rover Mask,2298664693,"""6917529932623573912""",junk,Legendary,0,Helmet,engram,Hunter,10,1,,,,1,Hunter(10),false,false,false,3,11,,8,17,2,6,6,12,51,8,17,2,6,6,12,51,,,dismantle,,,,,,,,,
Inspector's Boots,3004363890,"""6917530184589616178""",,Rare,0,Leg Armor,campaign,Warlock,501,5,,,,5,Warlock(433),false,false,false,5,16,,2,18,6,12,2,10,50,2,18,6,12,2,10,50,,,,,,,,,,,,
Iron Forerunner Mask,2255073244,"""6917529455878010621""",keep,Legendary,0,Helmet,ironbanner,Hunter,10,6,,,,6,Hunter(10),true,false,false,4,15,,16,13,2,2,9,21,63,16,13,2,2,9,21,63,,00001:Churo Chi Build,,Iron Lord's Pride*,,,,,,,,
Iron Forerunner Strides,932578999,"""6917529458687431057""",keep,Legendary,0,Leg Armor,ironbanner,Hunter,10,7,,,,7,Hunter(10),true,false,false,4,15,,6,7,19,15,12,6,65,6,7,19,15,12,6,65,,00001:Churo Chi Build,,Iron Lord's Pride*,Jacarina*,Streetwise Strides*,,,,,,
Iron Panoply Bond,2702279243,"""6917530146593738998""",archive,Legendary,5,Warlock Bond,ironbanner,Warlock,451,11,Grenadier,melee,super,0,Vault,true,false,false,8,27,,1,11,1,30,25,20,88,0,0,0,30,25,20,75,,,,Health Mod*,Bomber*,Bomber*,Reaper*,Upgrade Armor*,Balanced Tuning*,Superblack*,,
Iron Panoply Bond,2702279243,"""6917530146624688954""",archive,Legendary,5,Warlock Bond,ironbanner,Warlock,453,11,Gunner,health,health,0,Vault,true,false,false,8,27,,30,20,0,25,0,0,75,30,20,0,25,0,0,75,,,,Upgrade Armor*,,,,,,,,
Iron Panoply Bond,2702279243,"""6917530146632795549""",archive,Legendary,5,Warlock Bond,ironbanner,Warlock,454,11,Brawler,weapons,grenade,0,Vault,true,false,false,8,27,,20,25,0,0,0,30,75,20,25,0,0,0,30,75,,,,Upgrade Armor*,,,,,,,,
Iron Panoply Bond,2702279243,"""6917530146809583991""",keep,Legendary,5,Warlock Bond,ironbanner,Warlock,498,11,Paragon,health,super,5,Warlock(433),true,false,false,8,27,,6,30,6,6,30,25,103,0,20,0,0,30,25,75,,"00003:Arc,PVP TSteps,Prismatic",,Health Mod*,Bomber*,Bomber*,Reaper*,Upgrade Armor*,Balanced Tuning*,Primer*,Streetscholar Bond*,
Iron Panoply Bond,2702279243,"""6917530146814650239""",archive,Legendary,5,Warlock Bond,ironbanner,Warlock,458,11,Specialist,super,health,0,Vault,true,false,false,8,27,,25,0,30,0,20,0,75,25,0,30,0,20,0,75,,,,Upgrade Armor*,,,,,,,,
Iron Panoply Bond,2702279243,"""6917530146819902439""",keep,Legendary,5,Warlock Bond,ironbanner,Warlock,459,11,Bulwark,melee,class,2,Vault,true,false,false,8,27,,3,40,25,3,3,20,94,0,30,25,0,0,20,75,,00001:PVP TSteps - IB,,Health Mod*,Bomber*,Bomber*,Reaper*,Upgrade Armor*,Balanced Tuning*,,,
Iron Panoply Bond,2702279243,"""6917530147123577111""",archive,Legendary,5,Warlock Bond,ironbanner,Warlock,451,11,Bulwark,grenade,class,0,Vault,true,false,false,8,27,,0,30,25,20,0,0,75,0,30,25,20,0,0,75,,,,Upgrade Armor*,,,,,,,,
Iron Panoply Boots,1929483792,"""6917530146596734683""",archive,Legendary,5,Leg Armor,ironbanner,Warlock,441,11,Specialist,health,health,0,Vault,true,false,false,8,27,,25,20,30,0,0,0,75,25,20,30,0,0,0,75,,,,Upgrade Armor*,,,,,,,,
Iron Panoply Boots,1929483792,"""6917530146596737466""",archive,Legendary,5,Leg Armor,ironbanner,Warlock,451,11,Gunner,class,super,0,Vault,true,false,false,8,27,,30,0,20,25,0,0,75,30,0,20,25,0,0,75,,,,Upgrade Armor*,,,,,,,,
Iron Panoply Boots,1929483792,"""6917530146598513559""",archive,Legendary,5,Leg Armor,ironbanner,Warlock,451,11,Grenadier,health,melee,0,Vault,true,false,false,8,27,,0,20,0,30,25,0,75,0,20,0,30,25,0,75,,,,Upgrade Armor*,,,,,,,,
Iron Panoply Boots,1929483792,"""6917530146601709587""",archive,Legendary,5,Leg Armor,ironbanner,Warlock,451,11,Paragon,class,weapons,0,Vault,true,false,false,8,27,,0,0,20,0,30,25,75,0,0,20,0,30,25,75,,,,Upgrade Armor*,,,,,,,,
Iron Panoply Boots,1929483792,"""6917530146603401357""",archive,Legendary,5,Leg Armor,ironbanner,Warlock,452,11,Grenadier,weapons,class,0,Vault,true,false,false,8,27,,20,0,0,30,25,0,75,20,0,0,30,25,0,75,,,,Upgrade Armor*,,,,,,,,
Iron Panoply Boots,1929483792,"""6917530146605058825""",archive,Legendary,5,Leg Armor,ironbanner,Warlock,442,11,Paragon,health,super,0,Vault,true,false,false,8,27,,0,20,0,0,30,25,75,0,20,0,0,30,25,75,,,,Upgrade Armor*,,,,,,,,
Iron Panoply Boots,1929483792,"""6917530146605058966""",archive,Legendary,5,Leg Armor,ironbanner,Warlock,442,11,Bulwark,super,grenade,0,Vault,true,false,false,8,27,,0,30,25,0,20,0,75,0,30,25,0,20,0,75,,,,Upgrade Armor*,,,,,,,,
Iron Panoply Boots,1929483792,"""6917530146790142191""",archive,Legendary,5,Leg Armor,ironbanner,Warlock,455,11,Specialist,super,weapons,0,Vault,true,false,false,8,27,,25,0,30,0,20,0,75,25,0,30,0,20,0,75,,,,Upgrade Armor*,,,,,,,,
Iron Panoply Boots,1929483792,"""6917530147140585594""",archive,Legendary,5,Leg Armor,ironbanner,Warlock,463,11,Bulwark,grenade,grenade,0,Vault,true,false,false,8,27,,0,30,25,20,0,0,75,0,30,25,20,0,0,75,,,,Upgrade Armor*,,,,,,,,
Iron Panoply Boots,1929483792,"""6917530147183595330""",archive,Legendary,5,Leg Armor,ironbanner,Warlock,464,11,Brawler,weapons,grenade,0,Vault,true,false,false,8,27,,20,25,0,0,0,30,75,20,25,0,0,0,30,75,,,,Upgrade Armor*,,,,,,,,
Iron Panoply Gloves,717101494,"""6917530146608321506""",keep,Legendary,5,Gauntlets,ironbanner,Warlock,459,11,Grenadier,class,super,0,Vault,true,false,false,8,27,,-5,10,20,30,30,0,85,0,0,20,30,25,0,75,,00001:PVP TSteps - IB,,Health Mod*,Fastball*,Solar Dexterity*,Upgrade Armor*,+Super / -Weapons*,Superblack*,,,
Iron Panoply Gloves,717101494,"""6917530146781317085""",archive,Legendary,5,Gauntlets,ironbanner,Warlock,454,11,Gunner,super,super,0,Vault,true,false,false,8,27,,30,0,0,25,20,0,75,30,0,0,25,20,0,75,,,,Upgrade Armor*,,,,,,,,
Iron Panoply Gloves,717101494,"""6917530147137005841""",archive,Legendary,5,Gauntlets,ironbanner,Warlock,462,11,Specialist,grenade,class,0,Vault,true,false,false,8,27,,25,0,30,20,0,0,75,25,0,30,20,0,0,75,,,,Upgrade Armor*,,,,,,,,
Iron Panoply Gloves,717101494,"""6917530147138758192""",archive,Legendary,5,Gauntlets,ironbanner,Warlock,453,11,Paragon,health,weapons,0,Vault,true,false,false,8,27,,0,20,0,0,30,25,75,0,20,0,0,30,25,75,,,,Upgrade Armor*,,,,,,,,
Iron Panoply Gloves,717101494,"""6917530147140585389""",archive,Legendary,5,Gauntlets,ironbanner,Warlock,453,11,Gunner,melee,class,0,Vault,true,false,false,8,27,,30,0,0,25,0,20,75,30,0,0,25,0,20,75,,,,Upgrade Armor*,,,,,,,,
Iron Panoply Gloves,717101494,"""6917530147187060809""",archive,Legendary,5,Gauntlets,ironbanner,Warlock,464,11,Brawler,super,health,0,Vault,true,false,false,8,27,,0,25,0,0,20,30,75,0,25,0,0,20,30,75,,,,Upgrade Armor*,,,,,,,,
Iron Panoply Hood,2898513455,"""6917530146611600042""",keep,Legendary,5,Helmet,ironbanner,Warlock,458,11,Grenadier,class,grenade,0,Vault,true,false,false,8,27,,1,11,20,30,25,1,88,0,0,20,30,25,0,75,,00001:PVP TSteps - IB,,Health Mod*,In-Flight Compensator*,In-Flight Compensator*,Radiant Light*,Upgrade Armor*,Balanced Tuning*,Superblack*,,
Iron Panoply Hood,2898513455,"""6917530146791875893""",archive,Legendary,5,Helmet,ironbanner,Warlock,455,11,Paragon,weapons,super,0,Vault,true,false,false,8,27,,20,0,0,0,30,25,75,20,0,0,0,30,25,75,,,,Upgrade Armor*,,,,,,,,
Iron Panoply Hood,2898513455,"""6917530147106170031""",archive,Legendary,5,Helmet,ironbanner,Warlock,459,11,Grenadier,melee,class,0,Vault,true,false,false,8,27,,0,0,0,30,25,20,75,0,0,0,30,25,20,75,,,,Upgrade Armor*,,,,,,,,
Iron Panoply Vestment,3053825914,"""6917530146776456686""",archive,Legendary,5,Chest Armor,ironbanner,Warlock,454,11,Gunner,melee,weapons,0,Vault,true,false,false,8,27,,30,0,0,25,0,20,75,30,0,0,25,0,20,75,,,,Upgrade Armor*,,,,,,,,
Iron Panoply Vestment,3053825914,"""6917530146796979012""",keep,Legendary,5,Chest Armor,ironbanner,Warlock,456,11,Bulwark,super,grenade,0,Vault,true,false,false,8,27,,1,40,25,1,20,1,88,0,30,25,0,20,0,75,,00001:PVP TSteps - IB,,Health Mod*,Unflinching Kinetic Aim*,Unflinching Solar Aim*,Solar Ammo Generation*,Upgrade Armor*,Balanced Tuning*,Superblack*,,
Iron Panoply Vestment,3053825914,"""6917530146819903281""",archive,Legendary,5,Chest Armor,ironbanner,Warlock,459,11,Bulwark,grenade,health,0,Vault,true,false,false,8,27,,0,30,25,20,0,0,75,0,30,25,20,0,0,75,,,,Upgrade Armor*,,,,,,,,
Iron Panoply Vestment,3053825914,"""6917530147123578987""",keep,Legendary,5,Chest Armor,ironbanner,Warlock,470,11,Grenadier,health,melee,5,Warlock(433),true,false,false,8,27,,0,30,5,30,25,10,100,0,20,0,30,25,0,75,,"00003:Arc,PVP TSteps,Prismatic",,Health Mod*,Solar Ammo Generation*,Unflinching Solar Aim*,Unflinching Kinetic Aim*,Upgrade Armor*,+Melee / -Weapons*,Superblack*,Marauder Progeny Robe*,
Iron Panoply Vestment,3053825914,"""6917530147187053998""",archive,Legendary,5,Chest Armor,ironbanner,Warlock,464,11,Bulwark,weapons,health,0,Vault,true,false,false,8,27,,20,30,25,0,0,0,75,20,30,25,0,0,0,75,,,,Upgrade Armor*,,,,,,,,
Karnstein Armlets,3844826440,"""6917529865745087232""",archive,Exotic,0,Gauntlets,,Warlock,10,10,,,,10,Vault,true,false,false,1,1,,4,32,13,27,4,8,88,2,20,11,25,2,6,66,,,,Vampire's Caress*,Health Mod*,Impact Induction*,Heavy Handed*,Fastball*,Superblack*,,,
Ketchkiller's Cloak,2325223873,"""6917529822305415626""",junk,Legendary,0,Hunter Cloak,plunder,Hunter,10,10,,,,10,Hunter(10),false,true,false,5,18,,2,12,2,2,2,2,22,0,0,0,0,0,0,0,,,,Health Mod*,Jacarina*,Streetwise Cloak*,,,,,,
Ketchkiller's Gauntlets,2945464224,"""6917529821455227719""",keep,Legendary,0,Gauntlets,plunder,Titan,10,7,,,,7,Titan(10),true,false,false,5,18,,6,6,20,16,12,6,66,6,6,20,16,12,6,66,,00001:Cuirass of the Thundercrash,,Jacarina*,Psionic Strangler Gauntlets*,,,,,,,
Ketchkiller's Gloves,535937281,"""6917530008656110497""",archive,Legendary,0,Gauntlets,plunder,Warlock,117,10,,,,10,Vault,true,false,false,5,18,,4,4,32,16,4,23,83,2,2,30,14,2,16,66,,,,Minor Melee Mod*,Heavy Handed*,Melee Font*,Melee Font*,Primer*,Unyielding Favor Gloves*,,,
Ketchkiller's Greaves,1640403802,"""6917529821455228440""",keep,Legendary,0,Leg Armor,plunder,Titan,10,10,,,,10,Titan(10),true,true,false,5,18,,8,24,8,35,10,4,89,6,22,6,23,8,2,67,,"00003:D2ArmorPicker Loadout,D2ArmorPicker Loadout12,Raid",,Grenade Mod*,Spark of Joy*,,,,,,,
Ketchkiller's Grips,1834245236,"""6917529822299195471""",archive,Legendary,0,Gauntlets,plunder,Hunter,10,3,,,,3,Hunter(10),true,false,false,5,18,,26,6,2,15,10,7,66,26,6,2,15,10,7,66,,,,,,,,,,,,
Ketchkiller's Plate,130618344,"""6917529827918019416""",archive,Legendary,0,Chest Armor,plunder,Titan,10,3,,,,3,Titan(10),true,false,false,5,18,,2,6,26,11,12,10,67,2,6,26,11,12,10,67,,,,,,,,,,,,
Ketchkiller's Strides,2121983870,"""6917529822273121785""",archive,Legendary,0,Leg Armor,plunder,Hunter,10,3,,,,3,Hunter(10),true,false,false,5,18,,20,6,6,16,6,10,64,20,6,6,16,6,10,64,,,,,,,,,,,,
Khepri's Horn,2384488862,"""6917529814498055017""",archive,Exotic,0,Helmet,,Titan,10,1,,,,1,Vault,true,false,false,1,2,,2,12,18,15,2,14,63,2,12,18,15,2,14,63,,,,Solar Rampart*,,,,,,,,
Knucklehead Radar,1321354572,"""6917529202851780299""",archive,Exotic,0,Helmet,,Hunter,10,5,,,,5,Vault,true,false,false,1,1,,10,17,6,14,16,2,65,10,17,6,14,16,2,65,,,,Upgraded Sensor Pack*,,,,,,,,
Last Discipline Bond,420604757,"""6917530142614387477""",archive,Legendary,5,Warlock Bond,,Warlock,416,11,Paragon,class,class,0,Vault,true,false,false,8,27,,0,0,20,0,30,25,75,0,0,20,0,30,25,75,,,,Upgrade Armor*,,,,,,,,
Last Discipline Bond,420604757,"""6917530143602929412""",archive,Legendary,4,Warlock Bond,,Warlock,416,11,Specialist,melee,,0,Vault,true,false,false,8,27,,25,0,30,0,0,18,73,25,0,30,0,0,18,73,,,,Upgrade Armor*,,,,,,,,
Last Discipline Bond,420604757,"""6917530146452462905""",archive,Legendary,5,Warlock Bond,,Warlock,441,11,Gunner,melee,class,0,Vault,true,false,false,8,27,,30,0,0,25,0,20,75,30,0,0,25,0,20,75,,,,Upgrade Armor*,,,,,,,,
Last Discipline Bond,420604757,"""6917530146800608320""",archive,Legendary,5,Warlock Bond,,Warlock,458,11,Brawler,grenade,class,0,Vault,true,false,false,8,27,,0,25,0,20,0,30,75,0,25,0,20,0,30,75,,,,Upgrade Armor*,,,,,,,,
Last Discipline Bond,420604757,"""6917530147107883404""",archive,Legendary,5,Warlock Bond,,Warlock,450,11,Gunner,class,class,0,Vault,true,false,false,8,27,,30,0,20,25,0,0,75,30,0,20,25,0,0,75,,,,Upgrade Armor*,,,,,,,,
Last Discipline Bond,420604757,"""6917530147111450308""",keep,Legendary,5,Warlock Bond,,Warlock,463,11,Grenadier,class,grenade,2,Warlock(433),true,true,false,8,27,,12,2,20,35,25,-3,91,0,0,20,30,25,0,75,,"00003:Beta,Crucible,🔥Eunoia",,Weapons Mod*,Powerful Attraction*,Distribution*,Reaper*,Upgrade Armor*,+Grenade / -Melee*,,,
Last Discipline Bond,420604757,"""6917530147192226681""",archive,Legendary,5,Warlock Bond,,Warlock,466,11,Bulwark,melee,grenade,0,Vault,true,false,false,8,27,,0,30,25,0,0,20,75,0,30,25,0,0,20,75,,,,Upgrade Armor*,,,,,,,,
Last Discipline Bond,420604757,"""6917530147197320734""",archive,Legendary,5,Warlock Bond,,Warlock,455,11,Brawler,class,weapons,0,Vault,true,false,false,8,27,,0,25,20,0,0,30,75,0,25,20,0,0,30,75,,,,Upgrade Armor*,,,,,,,,
Last Discipline Bond,420604757,"""6917530148361551793""",archive,Legendary,5,Warlock Bond,,Warlock,468,11,Grenadier,melee,weapons,0,Vault,true,false,false,8,27,,0,0,0,30,25,20,75,0,0,0,30,25,20,75,,,,Upgrade Armor*,,,,,,,,
Last Discipline Bond,420604757,"""6917530148970534974""",archive,Legendary,5,Warlock Bond,,Warlock,470,11,Brawler,super,health,0,Vault,true,false,false,8,27,,0,25,0,0,20,30,75,0,25,0,0,20,30,75,,,,Upgrade Armor*,,,,,,,,
Last Discipline Boots,2762558442,"""6917530146598518073""",archive,Legendary,5,Leg Armor,,Warlock,453,11,Gunner,health,melee,0,Vault,true,false,false,8,27,,30,20,0,25,0,0,75,30,20,0,25,0,0,75,,,,Upgrade Armor*,,,,,,,,
Last Discipline Boots,2762558442,"""6917530147188939193""",archive,Legendary,5,Leg Armor,,Warlock,466,11,Grenadier,melee,melee,0,Vault,true,false,false,8,27,,0,0,0,30,25,20,75,0,0,0,30,25,20,75,,,,Upgrade Armor*,,,,,,,,
Last Discipline Boots,2762558442,"""6917530148968198850""",keep,Legendary,5,Leg Armor,,Warlock,504,11,Paragon,class,super,5,Warlock(433),true,false,false,8,27,,0,5,20,5,35,35,100,0,0,20,0,30,25,75,,"00003:Beta,🟣 Soul Siphon - Nezarec,🟣 Soul Siphon - Winters",,Melee Mod*,Invigoration*,Orbs of Restoration*,Absolution*,Upgrade Armor*,+Super / -Weapons*,Primer*,Meridian Constellation Pants*,
Last Discipline Gloves,2403923088,"""6917530144294063392""",keep,Legendary,5,Gauntlets,,Warlock,498,11,Paragon,grenade,super,5,Warlock(433),true,false,false,8,27,,5,0,5,20,35,35,100,0,0,0,20,30,25,75,,"00005:Arc,Dungeon,Dungeon - Copy,Trials,✨Solpsism Surge",,Melee Mod*,Fastball*,Solar Dexterity*,Strand Dexterity*,Upgrade Armor*,+Super / -Health*,Superblack*,,
Last Discipline Gloves,2403923088,"""6917530146446203333""",keep,Legendary,5,Gauntlets,,Warlock,441,11,Bulwark,grenade,grenade,5,Warlock(433),true,false,false,8,27,,0,40,25,25,5,5,100,0,30,25,20,0,0,75,,"00003:Arc,PVP TSteps,Prismatic",,Health Mod*,Fastball*,Solar Dexterity*,Kinetic Dexterity*,Upgrade Armor*,+Grenade / -Weapons*,Superblack*,Meridian Constellation Wraps*,
Last Discipline Gloves,2403923088,"""6917530146598518159""",archive,Legendary,5,Gauntlets,,Warlock,441,11,Grenadier,melee,super,0,Vault,true,false,false,8,27,,0,0,0,30,25,20,75,0,0,0,30,25,20,75,,,,Upgrade Armor*,,,,,,,,
Last Discipline Gloves,2403923088,"""6917530147107882528""",archive,Legendary,5,Gauntlets,,Warlock,462,11,Gunner,health,health,0,Vault,true,false,false,8,27,,30,20,0,25,0,0,75,30,20,0,25,0,0,75,,,,Upgrade Armor*,,,,,,,,
Last Discipline Gloves,2403923088,"""6917530147190640706""",archive,Legendary,5,Gauntlets,,Warlock,466,11,Bulwark,grenade,class,0,Vault,true,false,false,8,27,,0,30,25,20,0,0,75,0,30,25,20,0,0,75,,,,Upgrade Armor*,,,,,,,,
Last Discipline Gloves,2403923088,"""6917530147199004521""",archive,Legendary,5,Gauntlets,,Warlock,455,11,Specialist,super,super,0,Vault,true,false,false,8,27,,25,0,30,0,20,0,75,25,0,30,0,20,0,75,,,,Upgrade Armor*,,,,,,,,
Last Discipline Gloves,2403923088,"""6917530148970534474""",archive,Legendary,5,Gauntlets,,Warlock,471,11,Paragon,grenade,class,0,Vault,true,false,false,8,27,,0,0,0,20,30,25,75,0,0,0,20,30,25,75,,00001:🟣 Soul Siphon - Nezarec,,Upgrade Armor*,,,,,,,,
Last Discipline Hood,2932138009,"""6917530147106163756""",keep,Legendary,5,Helmet,,Warlock,450,11,Gunner,super,super,5,Warlock(433),true,true,false,8,27,,30,5,5,35,25,0,100,30,0,0,25,20,0,75,,"00003:Beta,Crucible,🔥Eunoia",,Grenade Mod*,Harmonic Siphon*,Heavy Ammo Finder*,Heavy Ammo Finder*,Upgrade Armor*,+Super / -Melee*,,,
Last Discipline Vestment,2025110456,"""6917530146611596062""",keep,Legendary,5,Chest Armor,,Warlock,443,11,Grenadier,weapons,super,5,Warlock(433),true,true,false,8,27,,20,5,5,40,30,0,100,20,0,0,30,25,0,75,,"00003:Beta,Crucible,🔥Eunoia",,Grenade Mod*,Solar Ammo Generation*,Solar Ammo Generation*,Health Font*,Upgrade Armor*,+Super / -Melee*,,,
Last Discipline Vestment,2025110456,"""6917530146774818825""",keep,Legendary,5,Chest Armor,,Warlock,501,11,Paragon,class,super,5,Warlock(433),true,false,false,8,27,,0,5,20,5,35,35,100,0,0,20,0,30,25,75,,"00002:Beta,🟣 Soul Siphon - Winters",,Melee Mod*,Arc Resistance*,Solar Resistance*,Void Resistance*,Upgrade Armor*,+Super / -Weapons*,Primer*,Marauder Progeny Robe*,
Last Discipline Vestment,2025110456,"""6917530146790139812""",archive,Legendary,5,Chest Armor,,Warlock,456,11,Gunner,melee,melee,0,Vault,true,false,false,8,27,,30,0,0,25,0,20,75,30,0,0,25,0,20,75,,,,Upgrade Armor*,,,,,,,,
Last Discipline Vestment,2025110456,"""6917530147192232069""",archive,Legendary,5,Chest Armor,,Warlock,466,11,Bulwark,weapons,melee,0,Vault,true,false,false,8,27,,20,30,25,0,0,0,75,20,30,25,0,0,0,75,,,,Upgrade Armor*,,,,,,,,
Legacy's Oath Gauntlets,1887490701,"""6917529857804533944""",archive,Legendary,0,Gauntlets,deepstonecrypt,Titan,10,5,,,,5,Titan(10),true,false,false,4,12,,10,14,6,12,10,12,64,10,14,6,12,10,12,64,deepstonecrypt,,dismantle,,,,,,,,,
Lightkin Boots,1248864692,"""6917529855918629107""",archive,Legendary,0,Leg Armor,servitor,Warlock,402,10,,,,10,Vault,true,false,false,4,14,,11,9,18,42,4,4,88,9,7,16,30,2,2,66,,,,Grenade Mod*,Innervation*,Orbs of Restoration*,Stacks on Stacks*,Long Journeys*,AION Renewal Boots*,,,
Lion Rampant,3539357318,"""6917529813242015606""",archive,Exotic,0,Leg Armor,,Titan,10,3,,,,3,Vault,true,false,false,1,1,,7,17,6,6,9,16,61,7,17,6,6,9,16,61,,,,Jump Jets*,,,,,,,,
Loreley Splendor Helm,3316517958,"""6917529809449174587""",archive,Exotic,0,Helmet,,Titan,10,10,,,,10,Titan(10),true,false,false,5,16,,10,16,12,16,8,13,75,8,14,10,14,6,11,63,,,,Cauterizing Flame*,Scarlet Semblance*,,,,,,,
Lucky Raspberry,903984858,"""6917530010792233209""",archive,Exotic,0,Chest Armor,,Hunter,10,1,,,,1,Hunter(10),true,false,false,1,1,,26,3,6,12,17,2,66,26,3,6,12,17,2,66,,,,Probability Matrix*,,,,,,,,
Luminopotent Boots,1829877749,"""6917530184567066316""",,Legendary,5,Leg Armor,,Warlock,501,11,Colossus,grenade,health,0,Warlock(433),false,false,false,8,28,,0,25,0,20,30,0,75,0,25,0,20,30,0,75,,,,Upgrade Armor*,,,,,,,,
Luminopotent Robes,3345056013,"""6917530184567070078""",,Legendary,5,Chest Armor,,Warlock,501,11,Reaver,grenade,super,0,Warlock(433),false,false,false,8,28,,0,0,30,20,0,25,75,0,0,30,20,0,25,75,,,,Upgrade Armor*,,,,,,,,
Lunafaction Boots,4136768282,"""6917529937173230162""",archive,Exotic,0,Leg Armor,,Warlock,10,1,,,,1,Vault,true,false,false,1,1,,7,11,14,25,6,2,65,7,11,14,25,6,2,65,,,,Alchemical Etchings*,,,,,,,,
Lustrous Bond,213708705,"""6917530138536533662""",archive,Legendary,4,Warlock Bond,events,Warlock,369,11,Paragon,grenade,,0,Vault,true,false,false,8,27,Solstice,0,0,0,20,30,25,75,0,0,0,20,30,25,75,,,,Upgrade Armor*,,,,,,,,
Lustrous Bond,213708705,"""6917530140820720072""",keep,Legendary,5,Warlock Bond,events,Warlock,406,11,Paragon,weapons,weapons,5,Vault,true,false,false,8,27,Solstice,35,0,5,5,30,25,100,20,0,0,0,30,25,75,,00001:✨Rime Coat,,Weapons Mod*,Bomber*,Distribution*,Reaper*,Upgrade Armor*,+Weapons / -Health*,Primer*,Streetscholar Bond*,
Lustrous Boots,2052186462,"""6917530137689156829""",keep,Legendary,4,Leg Armor,events,Warlock,444,11,Grenadier,class,,5,Vault,true,false,false,8,27,Solstice,5,15,20,30,25,5,100,0,0,20,30,25,0,75,,00001:PVP Solar - Kinetic,,Health Mod*,Better Already*,Recuperation*,Absolution*,Upgrade Armor*,Primer*,Northlight Boots*,,
Lustrous Boots,2052186462,"""6917530138150796942""",archive,Legendary,5,Leg Armor,events,Warlock,403,11,Bulwark,melee,super,3,Vault,true,false,false,8,27,Solstice,4,40,25,4,4,20,97,0,30,25,0,0,20,75,,,,Health Mod*,Better Already*,Recuperation*,Kinetic Holster*,Upgrade Armor*,Balanced Tuning*,Primer*,Northlight Boots*,
Lustrous Boots,2052186462,"""6917530140113558687""",keep,Legendary,5,Leg Armor,events,Warlock,403,11,Paragon,weapons,class,5,Vault,true,false,false,8,27,Solstice,30,0,10,5,30,25,100,20,0,0,0,30,25,75,,00001:✨Rime Coat,,Weapons Mod*,Strand Scavenger*,Absolution*,Stacks on Stacks*,Upgrade Armor*,+Class / -Health*,Primer*,AION Renewal Boots*,
Lustrous Boots,2052186462,"""6917530140460675354""",archive,Legendary,5,Leg Armor,events,Warlock,459,11,Specialist,super,grenade,5,Vault,true,false,false,8,27,Solstice,25,6,30,6,30,6,103,25,0,30,0,20,0,75,,,,Super Mod*,Solar Weapon Surge*,Solar Weapon Surge*,Solar Scavenger*,Upgrade Armor*,Balanced Tuning*,Primer*,Northlight Boots*,
Lustrous Boots,2052186462,"""6917530140828090374""",archive,Legendary,5,Leg Armor,events,Warlock,405,11,Specialist,grenade,melee,0,Vault,true,false,false,8,27,Solstice,25,0,30,20,0,0,75,25,0,30,20,0,0,75,,,,Upgrade Armor*,,,,,,,,
Lustrous Boots,2052186462,"""6917530140834017703""",keep,Legendary,5,Leg Armor,events,Warlock,442,11,Gunner,super,super,5,Warlock(433),true,false,false,8,27,Solstice,30,0,5,25,25,15,100,30,0,0,25,20,0,75,,"00005:Arc,Dungeon,Dungeon - Copy,Trials,🟣 Handheld Supernova",,Melee Mod*,Solar Weapon Surge*,Strand Scavenger*,Absolution*,Upgrade Armor*,+Super / -Health*,Superblack*,AION Renewal Boots*,
Lustrous Cover,1025347717,"""6917530138514719866""",archive,Legendary,4,Helmet,events,Warlock,406,11,Paragon,grenade,,5,Vault,true,false,false,8,27,Solstice,5,5,5,20,30,30,95,0,0,0,20,30,25,75,,,,Minor Melee Mod*,Hands-On*,Solar/Strand Dual Siphon*,Special Ammo Finder*,Upgrade Armor*,Superblack*,TM-Moss Custom Hat*,,
Lustrous Cover,1025347717,"""6917530140369854299""",keep,Legendary,5,Helmet,events,Warlock,501,11,Brawler,class,melee,5,Warlock(433),true,false,false,8,27,Solstice,0,25,20,5,5,45,100,0,25,20,0,0,30,75,,"00002:Beta,🟣 Soul Siphon - Winters",,Melee Mod*,Kinetic Siphon*,Dynamo*,Hands-On*,Upgrade Armor*,+Melee / -Weapons*,Primer*,Hood of the Exile*,
Lustrous Cover,1025347717,"""6917530140487268281""",keep,Legendary,5,Helmet,events,Warlock,445,11,Specialist,super,class,5,Vault,true,false,false,8,27,Solstice,25,6,30,6,30,6,103,25,0,30,0,20,0,75,,00001:✨Rime Coat,,Super Mod*,Harmonic Siphon*,Heavy Ammo Finder*,Heavy Ammo Finder*,Upgrade Armor*,Balanced Tuning*,Organic Adornment*,Hood of the Exile*,
Lustrous Cover,1025347717,"""6917530140820716899""",keep,Legendary,5,Helmet,events,Warlock,486,11,Grenadier,weapons,health,5,Warlock(433),true,false,false,8,27,Solstice,20,6,6,30,25,16,103,20,0,0,30,25,0,75,,"00005:Arc,Dungeon,Dungeon - Copy,Trials,🔥Starfire - Neutral",,Melee Mod*,Super Font*,Solar/Strand Dual Siphon*,Harmonic Siphon*,Upgrade Armor*,Balanced Tuning*,Primer*,Hood of the Exile*,
Lustrous Cover,1025347717,"""6917530141110087467""",keep,Legendary,5,Helmet,events,Warlock,453,11,Brawler,super,health,5,Vault,true,false,false,8,27,Solstice,0,40,5,5,20,30,100,0,25,0,0,20,30,75,,00001:PVP Void Normal,,Health Mod*,Radiant Light*,In-Flight Compensator*,In-Flight Compensator*,Upgrade Armor*,+Health / -Weapons*,Primer*,Hood of the Exile*,
Lustrous Cover,1025347717,"""6917530141114228652""",keep,Legendary,5,Helmet,events,Warlock,432,11,Bulwark,weapons,class,5,Vault,true,false,false,8,27,Solstice,20,30,25,6,11,6,98,20,30,25,0,0,0,75,,"00002:PVP Solar - Energy,PVP Solar - Kinetic",,Minor Super Mod*,In-Flight Compensator*,Kinetic Targeting*,Solar Targeting*,Upgrade Armor*,Balanced Tuning*,Primer*,Hood of the Exile*,
Lustrous Cover,1025347717,"""6917530141114231521""",archive,Legendary,5,Helmet,events,Warlock,405,11,Paragon,class,super,0,Vault,true,false,false,8,27,Solstice,0,0,20,0,30,25,75,0,0,20,0,30,25,75,,,,Upgrade Armor*,,,,,,,,
Lustrous Robes,1809917548,"""6917530138046879544""",archive,Legendary,4,Chest Armor,events,Warlock,340,11,Gunner,health,,5,Vault,true,false,false,8,27,Solstice,40,19,5,25,5,5,99,30,19,0,25,0,0,74,,,,Weapons Mod*,Solar Ammo Generation*,Solar Ammo Generation*,Health Font*,Upgrade Armor*,Crucible Triumph*,Anthemic Invocation Tabard*,,
Lustrous Robes,1809917548,"""6917530140308806347""",archive,Legendary,5,Chest Armor,events,Warlock,404,11,Paragon,weapons,health,5,Vault,true,false,false,8,27,Solstice,20,6,6,6,40,25,103,20,0,0,0,30,25,75,,,,Super Mod*,Solar Ammo Generation*,Solar Ammo Generation*,Health Font*,Upgrade Armor*,Balanced Tuning*,Crucible Triumph*,Anthemic Invocation Tabard*,
Lustrous Robes,1809917548,"""6917530140308807774""",archive,Legendary,5,Chest Armor,events,Warlock,460,11,Specialist,melee,melee,5,Vault,true,false,false,8,27,Solstice,25,6,30,6,16,20,103,25,0,30,0,0,20,75,,,,Super Mod*,Solar Ammo Generation*,Solar Ammo Generation*,Health Font*,Upgrade Armor*,Balanced Tuning*,Organic Adornment*,Elect of the Empty Robes*,
Lustrous Robes,1809917548,"""6917530140466873978""",archive,Legendary,5,Chest Armor,events,Warlock,421,11,Paragon,grenade,weapons,0,Vault,true,false,false,8,27,Solstice,5,0,-5,20,30,35,85,0,0,0,20,30,25,75,,,,Melee Mod*,Solar Resistance*,Strand Ammo Generation*,Charged Up*,Upgrade Armor*,+Weapons / -Class*,Primer*,Cryosphere Robes*,
Lustrous Robes,1809917548,"""6917530140770931754""",keep,Legendary,5,Chest Armor,events,Warlock,437,11,Gunner,super,melee,5,Warlock(433),true,false,false,8,27,Solstice,30,0,5,25,20,20,100,30,0,0,25,20,0,75,,"00004:Arc,Dungeon,Dungeon - Copy,Trials",,Melee Mod*,Arc Resistance*,Solar Resistance*,Void Resistance*,Upgrade Armor*,+Melee / -Health*,Cloudstriding Couture*,Epialos Following Robes*,
Lustrous Robes,1809917548,"""6917530141108255699""",keep,Legendary,5,Chest Armor,events,Warlock,405,11,Bulwark,melee,health,0,Vault,true,false,false,8,27,Solstice,-5,45,25,0,0,20,85,0,30,25,0,0,20,75,,00001:PVP Void Blink,,Health Mod*,Harmonic Resistance*,Unflinching Kinetic Aim*,Unflinching Solar Aim*,Upgrade Armor*,+Health / -Weapons*,,,
Lustrous Robes,1809917548,"""6917530141112169865""",archive,Legendary,5,Chest Armor,events,Warlock,405,11,Paragon,health,weapons,3,Vault,true,false,false,8,27,Solstice,4,30,4,4,30,25,97,0,20,0,0,30,25,75,,,,Health Mod*,Unflinching Harmonic Aim*,Unflinching Arc Aim*,Unflinching Kinetic Aim*,Upgrade Armor*,Balanced Tuning*,Primer*,Marauder Progeny Robe*,
Lustrous Robes,1809917548,"""6917530141120088879""",keep,Legendary,5,Chest Armor,events,Warlock,445,11,Grenadier,health,weapons,5,Vault,true,false,false,8,27,Solstice,6,30,6,30,25,6,103,0,20,0,30,25,0,75,,"00003:PVP Solar - Energy,PVP Solar - Kinetic,PVP Void Normal",,Health Mod*,Unflinching Harmonic Aim*,Unflinching Solar Aim*,Unflinching Kinetic Aim*,Upgrade Armor*,Balanced Tuning*,Primer*,Marauder Progeny Robe*,
Lustrous Sleeves,1806024532,"""6917530140823052890""",archive,Legendary,5,Gauntlets,events,Warlock,405,11,Brawler,weapons,grenade,0,Vault,true,false,false,8,27,Solstice,20,25,0,0,0,30,75,20,25,0,0,0,30,75,,,,Upgrade Armor*,,,,,,,,
Lustrous Sleeves,1806024532,"""6917530140829630839""",keep,Legendary,5,Gauntlets,events,Warlock,405,11,Brawler,class,class,0,Vault,true,false,false,8,27,Solstice,-5,35,25,0,0,30,85,0,25,20,0,0,30,75,,00001:PVP Void Blink,,Health Mod*,Fastball*,Kinetic Dexterity*,Solar Dexterity*,Upgrade Armor*,+Class / -Weapons*,,,
Mantle of Battle Harmony,3301944824,"""6917529867087852104""",archive,Exotic,0,Chest Armor,,Warlock,10,10,,,,10,Vault,true,false,false,4,13,,4,14,32,18,9,11,88,2,2,30,16,7,9,66,,,,Absorption Cells*,Health Mod*,Concussive Dampener*,Harmonic Resistance*,Harmonic Resistance*,Superblack*,,,
Mantle of Battle Harmony,2732820041,"""6917530130207303305""",archive,Exotic,5,Chest Armor,rahool,Warlock,213,11,Grenadier,class,,0,Vault,true,false,false,4,13,,0,0,20,30,25,0,75,0,0,20,30,25,0,75,,,,Absorption Cells*,Upgrade Armor*,,,,,,,
Mark of the Unassailable,3207244009,"""6917529806569221130""",keep,Legendary,0,Titan Mark,engram,Titan,10,10,,,,10,Titan(10),true,true,false,1,1,,12,2,2,2,2,2,22,0,0,0,0,0,0,0,,"00003:Bonk Titan Season 19,D2ArmorPicker Loadout12,Raid",,Weapons Mod*,Superblack*,Meridian Constellation Mark*,,,,,,
Mataiodoxía,1955548646,"""6917530020366296248""",archive,Exotic,0,Chest Armor,,Warlock,10,10,,,,10,Vault,true,false,false,7,24,,8,22,22,18,8,14,92,6,10,17,16,6,12,67,artifice,,,Stylostixis*,Health Mod*,Void Resistance*,Harmonic Resistance*,Concussive Dampener*,Class Forged*,Superblack*,,
Mataiodoxía,1003391927,"""6917530128543342492""",archive,Exotic,5,Chest Armor,rahool,Warlock,146,11,Bulwark,super,,0,Vault,true,false,false,7,24,,0,30,25,0,20,0,75,0,30,25,0,20,0,75,,,,Stylostixis*,Upgrade Armor*,,,,,,,
Memory of Cayde Mark,3810010787,"""6917529864363164274""",junk,Legendary,0,Titan Mark,campaign,Titan,10,2,,,,2,Titan(10),false,false,false,2,4,,0,0,0,0,0,0,0,0,0,0,0,0,0,0,,,,,,,,,,,,
Mimetic Savior Plate,3314301316,"""6917530020131960525""",junk,Legendary,0,Chest Armor,engram,Titan,10,2,,,,2,Titan(10),false,false,false,2,4,,2,12,15,13,6,12,60,2,12,15,13,6,12,60,,,,,,,,,,,,
Moonfang-X7 Gauntlets,1581574297,"""6917529864372210097""",archive,Legendary,0,Gauntlets,dungeon,Titan,10,1,,,,1,Titan(10),true,false,false,3,11,,2,26,2,16,14,2,62,2,26,2,16,14,2,62,,,dismantle,,,,,,,,,
Necrotic Grip,2780717641,"""6917529853504722172""",archive,Exotic,0,Gauntlets,,Warlock,10,10,,,,10,Vault,true,false,false,4,12,,4,20,25,22,4,11,86,2,18,13,20,2,9,64,artifice,,,Grasp of the Devourer*,Class Mod*,Firepower*,Kinetic Loader*,Superblack*,Replicate Exploit*,,,
Nezarec's Sin,3381022971,"""6917529864688376275""",archive,Exotic,0,Helmet,,Warlock,10,10,,,,10,Vault,true,false,false,1,1,,4,15,33,18,10,10,90,2,3,31,16,8,8,68,,,,Abyssal Extractors*,Health Mod*,,,,,,,
Nezarec's Sin,925466716,"""6917530144698453012""",archive,Exotic,5,Helmet,,Warlock,200,11,Specialist,melee,,0,Vault,true,false,false,1,1,,25,0,30,0,0,20,75,25,0,30,0,0,20,75,,00001:🟣 Soul Siphon - Nezarec,,Abyssal Extractors*,Upgrade Armor*,,,,,,,
Nothing Manacles,300502917,"""6917530125519576154""",archive,Exotic,0,Gauntlets,,Warlock,10,5,,,,5,Vault,true,false,false,4,15,,2,12,18,19,6,6,63,2,12,18,19,6,6,63,,,,Scatter Charge*,,,,,,,,
One-Eyed Mask,2578771006,"""6917529814514254608""",archive,Exotic,0,Helmet,,Titan,10,3,,,,3,Vault,true,false,false,2,4,,14,16,3,19,8,6,66,14,16,3,19,8,6,66,,,,Vengeance*,,,,,,,,
Ophidian Aspect,3627185503,"""6917529853524137880""",archive,Exotic,0,Gauntlets,,Warlock,10,10,,,,10,Vault,true,false,false,1,2,,20,4,25,24,10,4,87,8,2,23,22,8,2,65,,,,Cobra Totemic*,Weapons Mod*,Kinetic Dexterity*,Harmonic Dexterity*,Harmonic Loader*,Superblack*,Coaxial Bonds*,,
Ophidian Aspect,3627185503,"""6917529941133054455""",keep,Exotic,0,Gauntlets,,Warlock,431,10,,,,10,Vault,true,false,false,1,2,,5,41,5,22,11,8,92,3,29,3,20,6,6,67,artifice,"00003:PVP Solar - Energy,PVP Solar - Kinetic,PVP Void Normal",,Cobra Totemic*,Health Mod*,Fastball*,Solar Loader*,Kinetic Dexterity*,Super Forged*,Superblack*,Coaxial Bonds*,
Orpheus Rig,193869523,"""6917529854396713312""",archive,Exotic,0,Leg Armor,,Hunter,10,10,,,,10,Hunter(10),true,true,false,1,1,,6,34,4,10,21,8,83,4,22,2,8,19,6,61,,,,Uncanny Arrows*,Health Mod*,Absolution*,,,,,,
Osmiomancy Gloves,3259193988,"""6917529807758911089""",archive,Exotic,0,Gauntlets,,Warlock,10,10,,,,10,Vault,true,false,false,5,16,,4,29,18,14,17,8,90,2,14,16,12,15,6,65,artifice,,,Fervid Coldsnap*,Health Mod*,Solar Dexterity*,Fastball*,Kinetic Dexterity*,Health Forged*,Noble Rime*,,
Osmiomancy Gloves,3259193988,"""6917529936276302981""",archive,Exotic,0,Gauntlets,,Warlock,10,10,,,,10,Vault,true,false,false,5,16,,8,4,25,17,18,12,84,6,2,23,15,6,10,62,,,,Fervid Coldsnap*,Super Mod*,Fastball*,Impact Induction*,Momentum Transfer*,Abyssinian Gold*,,,
Pathfinder's Helmet,2957532337,"""6917529474382430090""",junk,Legendary,0,Helmet,lost,Hunter,10,3,,,,3,Vault,false,false,false,4,15,,23,2,7,12,2,12,58,23,2,7,12,2,12,58,,,dismantle,Amethyst Veil*,Iron Forerunner Mask*,,,,,,,
Peacekeepers,3539357319,"""6917529851089160615""",archive,Exotic,0,Leg Armor,,Titan,10,2,,,,2,Vault,true,false,false,1,1,,3,11,20,12,12,9,67,3,11,20,12,12,9,67,,,,Mecha Holster*,,,,,,,,
Peregrine Greaves,2255796155,"""6917529850581103667""",archive,Exotic,0,Leg Armor,,Titan,10,2,,,,2,Vault,true,false,false,2,7,,9,16,8,6,7,16,62,9,16,8,6,7,16,62,,,,Peregrine Strike*,,,,,,,,
Phoenix Protocol,4057299719,"""6917529782485189400""",archive,Exotic,0,Chest Armor,,Warlock,10,10,,,,10,Vault,true,false,false,2,4,,6,24,19,9,24,4,86,4,12,17,7,22,2,64,,,,Battle-Hearth*,Health Mod*,Harmonic Resistance*,Arc Resistance*,Concussive Dampener*,Superblack*,,,
Photosuede Plate,2999584444,"""6917529821455226563""",keep,Legendary,0,Chest Armor,strikes,Titan,10,10,,,,10,Titan(10),true,false,false,5,16,,4,28,4,9,8,14,67,2,26,2,7,6,12,55,,00001:D2ArmorPicker Loadout,,Scarlet Semblance*,,,,,,,,
Precious Scars,3974038291,"""6917529814514259716""",archive,Exotic,0,Helmet,,Titan,10,4,,,,4,Vault,true,false,false,4,12,,2,13,18,10,14,6,63,2,13,18,10,14,6,63,,,,Kintsugi*,,,,,,,,
Prodigal Cuirass,1981473429,"""6917529810608293663""",keep,Legendary,0,Chest Armor,engram,Titan,10,9,,,,9,Titan(10),true,true,false,2,4,,6,18,2,28,2,7,63,6,18,2,18,2,7,53,,"00003:Bonk Titan Season 19,D2ArmorPicker Loadout12,Raid",dismantle,Grenade Mod*,Superblack*,Tusked Allegiance Plate*,,,,,,
Promethium Spur,235591051,"""6917529866346940279""",archive,Exotic,0,Leg Armor,,Warlock,10,1,,,,1,Vault,true,false,false,3,9,,10,14,8,16,11,2,61,10,14,8,16,11,2,61,,,,Embers of Light*,,,,,,,,
Promethium Spur,3864952146,"""6917530143907519032""",archive,Exotic,5,Leg Armor,,Warlock,200,11,Grenadier,health,,0,Vault,true,false,false,3,9,,0,20,0,30,25,0,75,0,20,0,30,25,0,75,,,,Embers of Light*,Upgrade Armor*,,,,,,,
Promethium Spur,3864952146,"""6917530145902234892""",archive,Exotic,5,Leg Armor,,Warlock,435,11,Specialist,grenade,,0,Vault,true,false,false,3,9,,25,0,30,20,0,0,75,25,0,30,20,0,0,75,,,,Embers of Light*,Upgrade Armor*,,,,,,,
Rain of Fire,1624882687,"""6917529855837015579""",archive,Exotic,0,Leg Armor,,Warlock,10,10,,,,10,Vault,true,false,false,5,17,,4,20,12,12,8,18,74,2,18,10,10,6,16,62,,,,Soaring Fusilier*,Solar Weapon Surge*,Solar Weapon Surge*,Solar Weapon Surge*,,,,,
Reverie Dawn Gauntlets,1478378067,"""6917529810176749287""",junk,Legendary,0,Gauntlets,dreaming,Titan,10,10,,,,10,Vault,false,false,false,2,4,,4,14,14,14,22,4,72,2,12,12,12,20,2,60,,,,Monochromatic*,Meridian Constellation Gauntlets*,,,,,,,
Reverie Dawn Greaves,788771493,"""6917529810189332363""",junk,Legendary,0,Leg Armor,dreaming,Titan,10,8,,,,8,Titan(10),false,false,false,2,4,,2,12,12,12,20,2,60,2,12,12,12,20,2,60,,,,Precursor Vex Chrome*,Meridian Constellation Greaves*,,,,,,,
Reverie Dawn Helm,1472713738,"""6917529810170724077""",keep,Legendary,0,Helmet,dreaming,Titan,10,9,,,,9,Titan(10),true,false,false,2,4,,2,12,12,12,20,2,60,2,12,12,12,20,2,60,,"00002:Cuirass of the Thundercrash,D2ArmorPicker Loadout",,Jacarina*,Hardened Basilisk Helm*,,,,,,,
Reverie Dawn Mark,4023744176,"""6917529810189336717""",junk,Legendary,0,Titan Mark,dreaming,Titan,10,8,,,,8,Titan(10),false,false,false,2,4,,0,0,0,0,0,0,0,0,0,0,0,0,0,0,,,,,,,,,,,,
Rime-coat Raiment,888791258,"""6917530137256926636""",archive,Exotic,5,Chest Armor,lostsectors,Warlock,200,11,Brawler,grenade,,0,Vault,true,false,false,7,25,,0,25,0,20,0,30,75,0,25,0,20,0,30,75,,,,Bleak Domain*,Upgrade Armor*,,,,,,,
Rime-coat Raiment,888791258,"""6917530137270371248""",keep,Exotic,5,Chest Armor,lostsectors,Warlock,425,11,Specialist,grenade,,5,Vault,true,false,false,7,25,,35,5,30,20,5,5,100,25,0,30,20,0,0,75,,00001:✨Rime Coat,,Bleak Domain*,Weapons Mod*,Solar Resistance*,Stasis Ammo Generation*,Charged Up*,Upgrade Armor*,Jacarina*,,
Rime-coat Raiment,888791258,"""6917530137360761296""",archive,Exotic,5,Chest Armor,lostsectors,Warlock,372,11,Grenadier,health,,5,Vault,true,false,false,7,25,,5,20,5,30,35,5,100,0,20,0,30,25,0,75,,,,Bleak Domain*,Super Mod*,Solar Resistance*,Stasis Ammo Generation*,Charged Up*,Upgrade Armor*,Jacarina*,,
Sanguine Alchemy,3070555693,"""6917529867103658672""",archive,Exotic,0,Chest Armor,,Warlock,10,4,,,,4,Vault,true,false,false,1,3,,2,8,25,20,6,7,68,2,8,25,20,6,7,68,,,,Blood Magic*,,,,,,,,
Sanguine Alchemy,2966741808,"""6917530138998955971""",archive,Exotic,5,Chest Armor,,Warlock,382,11,Paragon,grenade,,0,Vault,true,false,false,1,3,,0,0,0,20,30,25,75,0,0,0,20,30,25,75,,,,Blood Magic*,Upgrade Armor*,,,,,,,
Secant Filaments,511888814,"""6917529872059583892""",archive,Exotic,0,Leg Armor,,Warlock,10,2,,,,2,Vault,true,false,false,5,16,,2,7,22,18,9,6,64,2,7,22,18,9,6,64,,,,Devouring Rift*,,,,,,,,
Secant Filaments,4029987901,"""6917530133328935160""",archive,Exotic,5,Leg Armor,rahool,Warlock,299,11,Paragon,class,,0,Vault,true,false,false,5,16,,0,0,20,0,30,25,75,0,0,20,0,30,25,75,,,,Devouring Rift*,Upgrade Armor*,,,,,,,
Severance Enclosure,2326396534,"""6917529858032930826""",archive,Exotic,0,Chest Armor,,Titan,10,2,,,,2,Titan(10),true,false,false,3,9,,9,13,10,6,16,9,63,9,13,10,6,16,9,63,,,,Spheromatik Trigger*,,,,,,,,
Shinobu's Vow,1053737370,"""6917529467531123217""",archive,Exotic,0,Gauntlets,,Hunter,10,2,,,,2,Vault,true,false,false,1,2,,3,16,15,10,19,2,65,3,16,15,10,19,2,65,,,,New Tricks*,,,,,,,,
Skull of Dire Ahamkara,1030017949,"""6917529936906297483""",archive,Exotic,0,Helmet,,Warlock,10,5,,,,5,Vault,true,false,false,1,1,,7,8,19,9,12,12,67,7,8,19,9,12,12,67,,,,Actual Grandeur*,,,,,,,,
Smoke Jumper Gloves,986078848,"""6917530145395093898""",archive,Legendary,4,Gauntlets,,Warlock,420,11,Grenadier,weapons,,0,Vault,true,false,false,8,27,,20,0,0,30,24,0,74,20,0,0,30,24,0,74,,,,Upgrade Armor*,,,,,,,,
Smoke Jumper Hood,3577550601,"""6917530145371817167""",archive,Legendary,5,Helmet,,Warlock,429,11,Specialist,grenade,super,0,Vault,true,false,false,8,27,,25,0,30,20,0,0,75,25,0,30,20,0,0,75,,,,Upgrade Armor*,,,,,,,,
Smoke Jumper Vestment,3788059976,"""6917530145552272571""",archive,Legendary,5,Chest Armor,,Warlock,452,11,Bulwark,super,weapons,5,Vault,true,false,false,8,27,,6,40,25,6,20,6,103,0,30,25,0,20,0,75,,,,Health Mod*,Solar Ammo Generation*,Unflinching Solar Aim*,Unflinching Kinetic Aim*,Upgrade Armor*,Balanced Tuning*,Superblack*,Hardened Basilisk Robe*,
Solipsism,2273643087,"""6917530023661607766""",archive,Exotic,5,Warlock Bond,paleheart,Warlock,10,11,Grenadier,melee,,2,Vault,true,false,false,7,24,,2,2,2,30,25,20,81,0,0,0,30,25,20,75,,,,Upgrade Armor*,Spirit of Osmiomancy*,Spirit of the Swarm*,,,,,,
Solipsism,2273643087,"""6917530025652983265""",archive,Exotic,5,Warlock Bond,paleheart,Warlock,10,11,Paragon,grenade,,2,Vault,true,false,false,7,24,,2,2,2,20,30,25,81,0,0,0,20,30,25,75,,,,Upgrade Armor*,Spirit of Apotheosis*,Spirit of Verity*,,,,,,
Solipsism,2273643087,"""6917530025666718808""",archive,Exotic,5,Warlock Bond,paleheart,Warlock,10,11,Brawler,grenade,,1,Vault,true,false,false,7,24,,1,25,1,20,1,30,78,0,25,0,20,0,30,75,,,,Upgrade Armor*,Spirit of the Assassin*,Spirit of Verity*,,,,,,
Solipsism,2273643087,"""6917530025672497575""",keep,Exotic,5,Warlock Bond,paleheart,Warlock,425,11,Paragon,health,,5,Vault,true,false,false,7,24,,5,20,5,5,30,35,100,0,20,0,0,30,25,75,,00001:✨Solpsism Surge,,Melee Mod*,Outreach*,Class Font*,Reaper*,Upgrade Armor*,Primer*,Spirit of Inmost Light*,Spirit of Synthoceps*,
Solipsism,2273643087,"""6917530025700724695""",archive,Exotic,5,Warlock Bond,paleheart,Warlock,10,11,Grenadier,weapons,,1,Vault,true,false,false,7,24,,20,1,1,30,25,1,78,20,0,0,30,25,0,75,,,,Upgrade Armor*,Spirit of Osmiomancy*,Spirit of Starfire*,,,,,,
Solipsism,2273643087,"""6917530026170919083""",archive,Exotic,5,Warlock Bond,paleheart,Warlock,10,11,Paragon,health,,2,Vault,true,false,false,7,24,,2,20,2,2,30,25,81,0,20,0,0,30,25,75,,,,Upgrade Armor*,Spirit of Apotheosis*,Spirit of the Claw*,,,,,,
Solipsism,2273643087,"""6917530026176373738""",archive,Exotic,5,Warlock Bond,paleheart,Warlock,10,11,Bulwark,melee,,1,Vault,true,false,false,7,24,,1,30,25,1,1,20,78,0,30,25,0,0,20,75,,,,Upgrade Armor*,Spirit of the Stag*,Spirit of Synthoceps*,,,,,,
Solipsism,2273643087,"""6917530026212593250""",archive,Exotic,5,Warlock Bond,paleheart,Warlock,10,11,Bulwark,super,,1,Vault,true,false,false,7,24,,1,30,25,1,20,1,78,0,30,25,0,20,0,75,,,,Upgrade Armor*,Spirit of the Stag*,Spirit of the Star-Eater*,,,,,,
Solipsism,2273643087,"""6917530026273862381""",archive,Exotic,5,Warlock Bond,paleheart,Warlock,10,11,Gunner,class,,1,Vault,true,false,false,7,24,,30,1,20,25,1,1,78,30,0,20,25,0,0,75,,,,Upgrade Armor*,Spirit of the Ophidian*,Spirit of Vesper*,,,,,,
Solipsism,2273643087,"""6917530027569172545""",archive,Exotic,5,Warlock Bond,paleheart,Warlock,10,11,Brawler,class,,1,Vault,true,false,false,7,24,,1,25,20,1,1,30,78,0,25,20,0,0,30,75,,,,Upgrade Armor*,Spirit of the Necrotic*,Spirit of Vesper*,,,,,,
Solipsism,2273643087,"""6917530033157399768""",archive,Exotic,5,Warlock Bond,paleheart,Warlock,10,11,Specialist,melee,,1,Vault,true,false,false,7,24,,25,1,30,1,1,20,78,25,0,30,0,0,20,75,,,,Upgrade Armor*,Spirit of the Filaments*,Spirit of Synthoceps*,,,,,,
Solipsism,2273643087,"""6917530033182562604""",archive,Exotic,5,Warlock Bond,paleheart,Warlock,10,11,Specialist,grenade,,1,Vault,true,false,false,7,24,,25,1,30,20,1,1,78,25,0,30,20,0,0,75,,,,Upgrade Armor*,Spirit of the Filaments*,Spirit of the Swarm*,,,,,,
Solipsism,2273643087,"""6917530033281631083""",archive,Exotic,5,Warlock Bond,paleheart,Warlock,10,11,Paragon,weapons,,1,Vault,true,false,false,7,24,,20,1,1,1,30,25,78,20,0,0,0,30,25,75,,,,Upgrade Armor*,Spirit of Apotheosis*,Spirit of Harmony*,,,,,,
Solipsism,2273643087,"""6917530033298291708""",archive,Exotic,5,Warlock Bond,paleheart,Warlock,10,11,Brawler,class,,1,Vault,true,false,false,7,24,,1,25,20,1,1,30,78,0,25,20,0,0,30,75,,,,Upgrade Armor*,Spirit of the Assassin*,Spirit of Synthoceps*,,,,,,
Solipsism,2273643087,"""6917530033305291534""",archive,Exotic,5,Warlock Bond,paleheart,Warlock,10,11,Bulwark,melee,,1,Vault,true,false,false,7,24,,1,30,25,1,1,20,78,0,30,25,0,0,20,75,,,,Upgrade Armor*,Spirit of the Stag*,Spirit of the Claw*,,,,,,
Solipsism,2273643087,"""6917530033337897632""",archive,Exotic,5,Warlock Bond,paleheart,Warlock,10,11,Paragon,grenade,,1,Vault,true,false,false,7,24,,1,1,1,20,30,25,78,0,0,0,20,30,25,75,,,,Upgrade Armor*,Spirit of Inmost Light*,Spirit of the Swarm*,,,,,,
Solipsism,2273643087,"""6917530033365734009""",archive,Exotic,5,Warlock Bond,paleheart,Warlock,10,11,Gunner,melee,,1,Vault,true,false,false,7,24,,30,1,1,25,1,20,78,30,0,0,25,0,20,75,,,,Upgrade Armor*,Spirit of the Ophidian*,Spirit of Synthoceps*,,,,,,
Solipsism,2273643087,"""6917530033409982124""",archive,Exotic,5,Warlock Bond,paleheart,Warlock,10,11,Gunner,melee,,1,Vault,true,false,false,7,24,,30,1,1,25,1,20,78,30,0,0,25,0,20,75,,,,Upgrade Armor*,Spirit of the Ophidian*,Spirit of the Swarm*,,,,,,
Solipsism,2273643087,"""6917530033615841362""",archive,Exotic,5,Warlock Bond,paleheart,Warlock,10,11,Brawler,grenade,,1,Vault,true,false,false,7,24,,1,25,1,20,1,30,78,0,25,0,20,0,30,75,,,,Upgrade Armor*,Spirit of the Assassin*,Spirit of the Swarm*,,,,,,
Solipsism,2273643087,"""6917530128505673757""",archive,Exotic,5,Warlock Bond,paleheart,Warlock,135,11,Paragon,grenade,,0,Vault,true,false,false,7,24,,0,0,0,20,30,25,75,0,0,0,20,30,25,75,,,,Upgrade Armor*,Spirit of Inmost Light*,Spirit of Verity*,,,,,,
Solipsism,2273643087,"""6917530131039726448""",archive,Exotic,5,Warlock Bond,paleheart,Warlock,200,11,Brawler,class,,0,Vault,true,false,false,7,24,,0,25,20,0,0,30,75,0,25,20,0,0,30,75,,,,Upgrade Armor*,Spirit of the Assassin*,Spirit of Vesper*,,,,,,
Solipsism,2273643087,"""6917530131050430139""",archive,Exotic,5,Warlock Bond,paleheart,Warlock,200,11,Gunner,melee,,0,Vault,true,false,false,7,24,,30,0,0,25,0,20,75,30,0,0,25,0,20,75,,,,Upgrade Armor*,Spirit of the Ophidian*,Spirit of the Claw*,,,,,,
Solipsism,2273643087,"""6917530132190425052""",archive,Exotic,5,Warlock Bond,paleheart,Warlock,200,11,Paragon,health,,0,Vault,true,false,false,7,24,,0,20,0,0,30,25,75,0,20,0,0,30,25,75,,,,Upgrade Armor*,Spirit of Inmost Light*,Spirit of the Claw*,,,,,,
Solipsism,2273643087,"""6917530132190425703""",archive,Exotic,5,Warlock Bond,paleheart,Warlock,200,11,Grenadier,melee,,0,Vault,true,false,false,7,24,,0,0,0,30,25,20,75,0,0,0,30,25,20,75,,,,Upgrade Armor*,Spirit of Osmiomancy*,Spirit of the Claw*,,,,,,
Solipsism,2273643087,"""6917530132190426669""",archive,Exotic,5,Warlock Bond,paleheart,Warlock,200,11,Brawler,super,,0,Vault,true,false,false,7,24,,0,25,0,0,20,30,75,0,25,0,0,20,30,75,,,,Upgrade Armor*,Spirit of the Necrotic*,Spirit of Harmony*,,,,,,
Solipsism,2273643087,"""6917530137360758182""",archive,Exotic,5,Warlock Bond,paleheart,Warlock,200,11,Brawler,class,,0,Vault,true,false,false,7,24,,0,25,20,0,0,30,75,0,25,20,0,0,30,75,,,,Upgrade Armor*,Spirit of the Necrotic*,Spirit of the Claw*,,,,,,
Solipsism,2273643087,"""6917530137360760573""",archive,Exotic,5,Warlock Bond,paleheart,Warlock,200,11,Specialist,grenade,,0,Vault,true,false,false,7,24,,25,0,30,20,0,0,75,25,0,30,20,0,0,75,,,,Upgrade Armor*,Spirit of the Filaments*,Spirit of Starfire*,,,,,,
Solipsism,2273643087,"""6917530137360761988""",archive,Exotic,5,Warlock Bond,paleheart,Warlock,200,11,Specialist,melee,,0,Vault,true,false,false,7,24,,25,0,30,0,0,20,75,25,0,30,0,0,20,75,,,,Upgrade Armor*,Spirit of the Filaments*,Spirit of the Claw*,,,,,,
Solipsism,2273643087,"""6917530137588802565""",archive,Exotic,5,Warlock Bond,paleheart,Warlock,200,11,Paragon,health,,0,Vault,true,false,false,7,24,,0,20,0,0,30,25,75,0,20,0,0,30,25,75,,,,Upgrade Armor*,Spirit of Apotheosis*,Spirit of Synthoceps*,,,,,,
Solipsism,2273643087,"""6917530137771185042""",archive,Exotic,5,Warlock Bond,paleheart,Warlock,200,11,Gunner,super,,0,Vault,true,false,false,7,24,,30,0,0,25,20,0,75,30,0,0,25,20,0,75,,,,Upgrade Armor*,Spirit of the Ophidian*,Spirit of Harmony*,,,,,,
Solipsism,2273643087,"""6917530137772713238""",archive,Exotic,5,Warlock Bond,paleheart,Warlock,200,11,Bulwark,super,,0,Vault,true,false,false,7,24,,0,30,25,0,20,0,75,0,30,25,0,20,0,75,,,,Upgrade Armor*,Spirit of the Stag*,Spirit of Harmony*,,,,,,
Solipsism,2273643087,"""6917530138117032942""",archive,Exotic,5,Warlock Bond,paleheart,Warlock,200,11,Paragon,grenade,,0,Vault,true,false,false,7,24,,0,0,0,20,30,25,75,0,0,0,20,30,25,75,,,,Upgrade Armor*,Spirit of Apotheosis*,Spirit of Starfire*,,,,,,
Solipsism,2273643087,"""6917530138117041888""",archive,Exotic,5,Warlock Bond,paleheart,Warlock,200,11,Paragon,class,,0,Vault,true,false,false,7,24,,0,0,20,0,30,25,75,0,0,20,0,30,25,75,,,,Upgrade Armor*,Spirit of Apotheosis*,Spirit of Vesper*,,,,,,
Solipsism,2273643087,"""6917530141917554955""",archive,Exotic,5,Warlock Bond,paleheart,Warlock,200,11,Brawler,grenade,,0,Vault,true,false,false,7,24,,0,25,0,20,0,30,75,0,25,0,20,0,30,75,,,,Upgrade Armor*,Spirit of the Necrotic*,Spirit of Starfire*,,,,,,
Solipsism,2273643087,"""6917530141917561082""",archive,Exotic,5,Warlock Bond,paleheart,Warlock,200,11,Brawler,class,,0,Vault,true,false,false,7,24,,0,25,20,0,0,30,75,0,25,20,0,0,30,75,,,,Upgrade Armor*,Spirit of the Necrotic*,Spirit of Synthoceps*,,,,,,
Solipsism,2273643087,"""6917530142287394720""",archive,Exotic,5,Warlock Bond,paleheart,Warlock,200,11,Paragon,grenade,,0,Vault,true,false,false,7,24,,0,0,0,20,30,25,75,0,0,0,20,30,25,75,,,,Upgrade Armor*,Spirit of Inmost Light*,Spirit of Starfire*,,,,,,
Solipsism,2273643087,"""6917530143402322494""",archive,Exotic,5,Warlock Bond,paleheart,Warlock,200,11,Grenadier,melee,,0,Vault,true,false,false,7,24,,0,0,0,30,25,20,75,0,0,0,30,25,20,75,,,,Upgrade Armor*,Spirit of Osmiomancy*,Spirit of Verity*,,,,,,
Solipsism,2273643087,"""6917530143909386320""",archive,Exotic,5,Warlock Bond,paleheart,Warlock,200,11,Bulwark,grenade,,0,Vault,true,false,false,7,24,,0,30,25,20,0,0,75,0,30,25,20,0,0,75,,,,Upgrade Armor*,Spirit of the Stag*,Spirit of Starfire*,,,,,,
Solipsism,2273643087,"""6917530143909390374""",archive,Exotic,5,Warlock Bond,paleheart,Warlock,200,11,Gunner,super,,0,Vault,true,false,false,7,24,,30,0,0,25,20,0,75,30,0,0,25,20,0,75,,,,Upgrade Armor*,Spirit of the Ophidian*,Spirit of the Star-Eater*,,,,,,
Solipsism,2273643087,"""6917530143911216890""",archive,Exotic,5,Warlock Bond,paleheart,Warlock,200,11,Bulwark,weapons,,0,Vault,true,false,false,7,24,,20,30,25,0,0,0,75,20,30,25,0,0,0,75,,,,Upgrade Armor*,Spirit of the Stag*,Spirit of Vesper*,,,,,,
Solipsism,2273643087,"""6917530143965773594""",keep,Exotic,5,Warlock Bond,paleheart,Warlock,501,11,Paragon,weapons,,5,Warlock(433),true,false,false,7,24,,30,5,5,5,30,25,100,20,0,0,0,30,25,75,,"00004:Arc,Dungeon,Dungeon - Copy,Trials",,Weapons Mod*,Special Finisher*,Time Dilation*,Time Dilation*,Upgrade Armor*,Primer*,Cursèd Chitin*,Spirit of Inmost Light*,Spirit of the Star-Eater*
Solipsism,2273643087,"""6917530144702276396""",archive,Exotic,5,Warlock Bond,paleheart,Warlock,200,11,Grenadier,weapons,,0,Vault,true,false,false,7,24,,20,0,0,30,25,0,75,20,0,0,30,25,0,75,,,,Upgrade Armor*,Spirit of Osmiomancy*,Spirit of the Star-Eater*,,,,,,
Solipsism,2273643087,"""6917530145063151155""",archive,Exotic,5,Warlock Bond,paleheart,Warlock,200,11,Brawler,super,,0,Vault,true,false,false,7,24,,0,25,0,0,20,30,75,0,25,0,0,20,30,75,,,,Upgrade Armor*,Spirit of the Necrotic*,Spirit of the Star-Eater*,,,,,,
Solipsism,2273643087,"""6917530184185711842""",archive,Exotic,5,Warlock Bond,paleheart,Warlock,481,11,Paragon,weapons,,0,Vault,true,false,false,7,24,,20,0,0,0,30,25,75,20,0,0,0,30,25,75,,,,Upgrade Armor*,Spirit of Apotheosis*,Spirit of the Star-Eater*,,,,,,
Speaker's Sight,3617849232,"""6917530137661227825""",archive,Exotic,5,Helmet,rahool,Warlock,320,11,Paragon,weapons,,0,Vault,true,false,false,7,24,,20,0,0,0,30,25,75,20,0,0,0,30,25,75,,,,The Lost Voice*,Upgrade Armor*,,,,,,,
St0mp-EE5,193869520,"""6917529504624867466""",archive,Exotic,0,Leg Armor,,Hunter,10,4,,,,4,Hunter(10),true,false,false,1,1,,8,24,2,9,15,7,65,8,24,2,9,15,7,65,,,,Hydraulic Boosters*,Precursor Vex Chrome*,,,,,,,
Starfire Protocol,2082483156,"""6917529941889322657""",archive,Exotic,0,Chest Armor,,Warlock,308,10,,,,10,Vault,true,false,false,1,1,,4,19,20,27,16,4,90,2,17,18,15,14,2,68,,,,Fusion Harness*,Grenade Mod*,Solar Resistance*,Void Ammo Generation*,Charged Up*,Cruelty Song*,Phoenix Fusion*,,
Starfire Protocol,599049453,"""6917530127642130513""",archive,Exotic,5,Chest Armor,,Warlock,410,11,Grenadier,melee,,5,Vault,true,false,false,1,1,,5,5,5,40,25,20,100,0,0,0,30,25,20,75,,,,Fusion Harness*,Grenade Mod*,Void Ammo Generation*,Solar Resistance*,Charged Up*,Upgrade Armor*,Long Journeys*,Phoenix Fusion*,
Starfire Protocol,599049453,"""6917530128820745094""",keep,Exotic,5,Chest Armor,,Warlock,166,11,Grenadier,class,,0,Vault,true,false,false,1,1,,0,0,20,30,25,0,75,0,0,20,30,25,0,75,,00001:🔥Starfire - Neutral,,Fusion Harness*,Upgrade Armor*,,,,,,,
Starfire Protocol,599049453,"""6917530130648787640""",archive,Exotic,5,Chest Armor,,Warlock,217,11,Grenadier,health,,0,Vault,true,false,false,1,1,,0,20,0,30,25,0,75,0,20,0,30,25,0,75,,,,Fusion Harness*,Upgrade Armor*,,,,,,,
Stormdancer's Brace,1996008488,"""6917530000138745032""",archive,Exotic,0,Chest Armor,,Warlock,10,1,,,,1,Vault,true,false,false,3,8,,6,10,16,9,12,12,65,6,10,16,9,12,12,65,,,,Ascending Amplitude*,,,,,,,,
Sunbracers,3787517196,"""6917529745841834873""",archive,Exotic,0,Gauntlets,,Warlock,10,10,,,,10,Vault,true,false,false,1,1,,5,22,16,14,12,11,80,3,15,14,12,10,9,63,,,,Helium Spirals*,Minor Health Mod*,Bolstering Detonation*,Firepower*,Melee Kickstart*,Erebos Glance*,Occisor Draconum*,,
Sunbracers,3787517196,"""6917529928729176715""",archive,Exotic,0,Gauntlets,,Warlock,10,10,,,,10,Vault,true,false,false,1,1,,5,22,18,20,12,4,81,3,15,16,18,10,2,64,,,,Helium Spirals*,Minor Health Mod*,Firepower*,Bolstering Detonation*,Momentum Transfer*,Abyssinian Gold*,Occisor Draconum*,,
Sunbracers,950745251,"""6917530127701981315""",archive,Exotic,5,Gauntlets,,Warlock,116,11,Brawler,grenade,,0,Vault,true,false,false,1,1,,0,25,0,20,0,30,75,0,25,0,20,0,30,75,,,,Helium Spirals*,Upgrade Armor*,,,,,,,
Swarmers,2463947681,"""6917529932683379593""",archive,Exotic,0,Leg Armor,,Warlock,10,5,,,,5,Vault,true,false,false,6,20,,12,10,10,25,6,2,65,12,10,10,25,6,2,65,,,,Swarmers*,,,,,,,,
Swarmers,2463947681,"""6917529932705164412""",archive,Exotic,0,Leg Armor,,Warlock,10,10,,,,10,Vault,true,false,false,6,20,,4,26,19,13,4,20,86,2,24,7,11,2,18,64,,,,Swarmers*,Class Mod*,Innervation*,Invigoration*,Strand Weapon Surge*,Superblack*,,,
Swarmers,2100136540,"""6917530131470547504""",archive,Exotic,5,Leg Armor,rahool,Warlock,240,11,Specialist,grenade,,0,Vault,true,false,false,6,20,,25,0,30,20,0,0,75,25,0,30,20,0,0,75,,,,Swarmers*,Upgrade Armor*,,,,,,,
Swarmers,2100136540,"""6917530145900196903""",archive,Exotic,5,Leg Armor,rahool,Warlock,200,11,Paragon,weapons,,0,Vault,true,false,false,6,20,,20,0,0,0,30,25,75,20,0,0,0,30,25,75,,,,Swarmers*,Upgrade Armor*,,,,,,,
Swarmers,2100136540,"""6917530182673748569""",archive,Exotic,5,Leg Armor,rahool,Warlock,452,11,Paragon,health,,0,Vault,true,false,false,6,20,,0,20,0,0,30,25,75,0,20,0,0,30,25,75,,,,Swarmers*,Upgrade Armor*,,,,,,,
Synthoceps,241462142,"""6917529808763285504""",keep,Exotic,0,Gauntlets,,Titan,10,10,,,,10,Titan(10),true,false,false,1,1,,12,14,13,9,19,10,77,10,12,11,7,17,8,65,,"00002:Bonk Titan Season 19,D2ArmorPicker Loadout",,Biotic Enhancements*,Precursor Vex Chrome*,,,,,,,
Tangled Web Grips,3052682216,"""6917529858130355985""",junk,Legendary,0,Gauntlets,engram,Hunter,10,1,,,,1,Hunter(10),false,false,false,2,4,,10,2,10,6,7,13,48,10,2,10,6,7,13,48,,,dismantle,,,,,,,,,
Techsec Bond,1963424554,"""6917530140780653701""",archive,Legendary,4,Warlock Bond,,Warlock,404,11,Gunner,super,,0,Vault,true,false,false,8,27,,30,0,0,25,19,0,74,30,0,0,25,19,0,74,,,,Upgrade Armor*,,,,,,,,
Techsec Bond,1963424554,"""6917530141323209459""",keep,Legendary,4,Warlock Bond,,Warlock,407,11,Grenadier,weapons,,0,Vault,true,false,false,8,27,,20,0,0,30,24,0,74,20,0,0,30,24,0,74,,00001:🔥Starfire - Neutral,,Upgrade Armor*,,,,,,,,
Techsec Bond,1963424554,"""6917530141347893515""",archive,Legendary,5,Warlock Bond,,Warlock,410,11,Specialist,grenade,super,0,Vault,true,false,false,8,27,,25,0,30,20,0,0,75,25,0,30,20,0,0,75,,,,Upgrade Armor*,,,,,,,,
Techsec Boots,1159925519,"""6917530141172343096""",keep,Legendary,5,Leg Armor,,Warlock,418,11,Brawler,super,weapons,5,Vault,true,false,false,8,27,,6,35,6,6,20,30,103,0,25,0,0,20,30,75,,00001:PVP Void Normal,,Health Mod*,Enhanced Athletics*,Enhanced Athletics*,Enhanced Athletics*,Upgrade Armor*,Balanced Tuning*,Primer*,Northlight Boots*,
Techsec Gloves,489126477,"""6917530140330892958""",archive,Legendary,5,Gauntlets,,Warlock,420,11,Brawler,grenade,super,0,Vault,true,false,false,8,27,,0,25,-5,20,5,40,85,0,25,0,20,0,30,75,,,,Melee Mod*,Momentum Transfer*,Heavy Handed*,Melee Font*,Upgrade Armor*,+Super / -Class*,Primer*,Meridian Constellation Wraps*,
Techsec Gloves,489126477,"""6917530140817408524""",archive,Legendary,4,Gauntlets,,Warlock,404,11,Paragon,class,,0,Vault,true,false,false,8,27,,0,0,19,0,30,25,74,0,0,19,0,30,25,74,,,,Upgrade Armor*,,,,,,,,
Techsec Hood,2082858804,"""6917530140369856564""",archive,Legendary,4,Helmet,,Warlock,404,11,Gunner,class,,0,Vault,true,false,false,8,27,,30,0,20,25,0,0,75,30,0,20,25,0,0,75,,,,Upgrade Armor*,,,,,,,,
Techsec Hood,2082858804,"""6917530143010918893""",keep,Legendary,5,Helmet,,Warlock,417,11,Brawler,grenade,grenade,0,Vault,true,false,false,8,27,,0,25,0,20,0,30,75,0,25,0,20,0,30,75,,00001:✨Solpsism Surge,,Upgrade Armor*,,,,,,,,
Techsec Hood,2082858804,"""6917530144503619126""",archive,Legendary,5,Helmet,,Warlock,400,11,Gunner,health,melee,0,Vault,true,false,false,8,27,,30,20,0,25,0,0,75,30,20,0,25,0,0,75,,,,Upgrade Armor*,,,,,,,,
Techsec Vestment,4052965875,"""6917530140790696317""",archive,Legendary,4,Chest Armor,,Warlock,404,11,Grenadier,class,,0,Vault,true,false,false,8,27,,0,0,18,30,25,0,73,0,0,18,30,25,0,73,,,,Upgrade Armor*,,,,,,,,
Techsec Vestment,4052965875,"""6917530146247729003""",archive,Legendary,4,Chest Armor,,Warlock,449,11,Gunner,class,,0,Vault,true,false,false,8,27,,30,0,19,25,0,0,74,30,0,19,25,0,0,74,,,,Upgrade Armor*,,,,,,,,
Terra Concord Greaves,1063507982,"""6917529855232286425""",junk,Legendary,0,Leg Armor,engram,Titan,10,1,,,,1,Titan(10),false,false,false,3,11,,2,12,11,13,12,2,52,2,12,11,13,12,2,52,,,,,,,,,,,,
Terra Concord Helm,881579413,"""6917529864330556622""",junk,Legendary,0,Helmet,engram,Titan,10,1,,,,1,Titan(10),false,false,false,3,11,,6,12,8,8,12,8,54,6,12,8,8,12,8,54,,,dismantle,,,,,,,,,
The Sixth Coyote,1474735277,"""6917529462538674771""",keep,Exotic,0,Chest Armor,,Hunter,10,8,,,,8,Hunter(10),true,false,false,2,4,,14,7,11,10,16,6,64,14,7,11,10,16,6,64,,00001:Churo Chi Build,,Double Dodge*,Jacarina*,,,,,,,
The Stag,2177524718,"""6917529934229508179""",archive,Exotic,0,Helmet,,Warlock,10,10,,,,10,Vault,true,false,false,1,2,,4,18,28,27,4,8,89,2,6,26,25,2,6,67,,,,Dearly Departed*,Health Mod*,Dynamo*,Dynamo*,Superblack*,,,,
The Stag,2177524718,"""6917530062034396972""",archive,Exotic,0,Helmet,,Warlock,410,10,,,,10,Vault,true,false,false,1,2,,8,28,14,22,12,4,88,6,16,12,20,10,2,66,,,,Dearly Departed*,Health Mod*,Kinetic Targeting*,Arc Siphon*,Harmonic Siphon*,Primer*,,,
Thriving Survivor Gloves,690430270,"""6917530184585263464""",,Legendary,5,Gauntlets,renegades,Warlock,502,11,Reaver,weapons,health,0,Warlock(433),false,false,false,8,28,,20,0,30,0,0,25,75,20,0,30,0,0,25,75,,,,Upgrade Armor*,,,,,,,,
Torobatl Celebration Mask,64566999,"""6917529821455228765""",junk,Legendary,0,Helmet,tangled,Titan,10,4,,,,4,Vault,false,false,false,2,4,,7,10,10,8,13,7,55,7,10,10,8,13,7,55,,,,,,,,,,,,
Transversive Steps,3337759189,"""6917530146795202589""",keep,Exotic,5,Leg Armor,,Warlock,458,11,Bulwark,super,,5,Warlock(433),true,false,false,1,1,,5,40,25,5,20,5,100,0,30,25,0,20,0,75,,"00004:Arc,PVP TSteps,PVP TSteps - IB,Prismatic",,Strange Protractor*,Health Mod*,Better Already*,Enhanced Athletics*,Solar Holster*,Upgrade Armor*,Superblack*,,
Triumphal Anthem Bond,986920507,"""6917530182660485840""",archive,Legendary,5,Warlock Bond,,Warlock,459,11,Brawler,super,super,0,Vault,true,false,false,8,28,,0,25,0,0,20,30,75,0,25,0,0,20,30,75,,,,Upgrade Armor*,,,,,,,,
Triumphal Anthem Bond,986920507,"""6917530183032172699""",keep,Legendary,5,Warlock Bond,,Warlock,505,11,Reaver,grenade,,5,Warlock(433),true,false,false,8,28,,0,5,30,20,5,40,100,0,0,30,20,0,25,75,,"00003:Beta,🟣 Soul Siphon - Nezarec,🟣 Soul Siphon - Winters",,Melee Mod*,One-Two Finisher*,Powerful Attraction*,Proximity Ward*,Upgrade Armor*,+Melee / -Weapons*,Elect of the Empty Bond*,,
Triumphal Anthem Boots,1973631360,"""6917530182660488937""",archive,Legendary,5,Leg Armor,,Warlock,459,11,Bulwark,weapons,health,0,Vault,true,false,false,8,28,,20,30,25,0,0,0,75,20,30,25,0,0,0,75,,,,Upgrade Armor*,,,,,,,,
Triumphal Anthem Boots,1973631360,"""6917530184219527960""",,Legendary,5,Leg Armor,,Warlock,496,11,Reaver,grenade,weapons,0,Warlock(433),false,false,false,8,28,,0,0,30,20,0,25,75,0,0,30,20,0,25,75,,,,Upgrade Armor*,,,,,,,,
Triumphal Anthem Cover,2480734911,"""6917530182660391849""",archive,Legendary,5,Helmet,,Warlock,459,11,Bulwark,melee,weapons,0,Vault,true,false,false,8,28,,0,30,25,0,0,20,75,0,30,25,0,0,20,75,,,,Upgrade Armor*,,,,,,,,
Triumphal Anthem Cover,2480734911,"""6917530182660486496""",archive,Legendary,5,Helmet,,Warlock,459,11,Grenadier,health,health,0,Vault,true,false,false,8,28,,0,20,0,30,25,0,75,0,20,0,30,25,0,75,,,,Upgrade Armor*,,,,,,,,
Triumphal Anthem Cover,2480734911,"""6917530184213945405""",,Legendary,5,Helmet,,Warlock,494,11,Skirmisher,class,health,0,Warlock(433),false,false,false,8,28,,25,0,20,0,0,30,75,25,0,20,0,0,30,75,,,,Upgrade Armor*,,,,,,,,
Triumphal Anthem Gloves,2414602118,"""6917530182660492293""",archive,Legendary,5,Gauntlets,,Warlock,459,11,Specialist,health,health,0,Vault,true,false,false,8,28,,25,20,30,0,0,0,75,25,20,30,0,0,0,75,,,,Upgrade Armor*,,,,,,,,
Triumphal Anthem Gloves,2414602118,"""6917530184219530286""",,Legendary,5,Gauntlets,,Warlock,496,11,Specialist,melee,class,0,Warlock(433),false,false,false,8,28,,25,0,30,0,0,20,75,25,0,30,0,0,20,75,,,,Upgrade Armor*,,,,,,,,
Triumphal Anthem Robes,350102826,"""6917530184234717419""",,Legendary,5,Chest Armor,,Warlock,499,11,Reaver,super,,0,Warlock(433),false,false,false,8,28,,0,0,30,0,20,25,75,0,0,30,0,20,25,75,,00001:🟣 Soul Siphon - Nezarec,,Upgrade Armor*,,,,,,,,
Tusked Allegiance Grips,4017738218,"""6917529809751786213""",archive,Legendary,0,Gauntlets,psiops,Hunter,10,3,,,,3,Hunter(10),true,false,false,5,16,,18,2,12,14,8,10,64,18,2,12,14,8,10,64,,,dismantle,,,,,,,,,
Tusked Allegiance Strides,3056950148,"""6917529809786376931""",archive,Legendary,0,Leg Armor,psiops,Hunter,10,3,,,,3,Hunter(10),true,false,false,5,16,,18,2,12,9,21,2,64,18,2,12,9,21,2,64,,,dismantle,,,,,,,,,
Tusked Allegiance Vest,4144240158,"""6917529809793364641""",archive,Legendary,0,Chest Armor,psiops,Hunter,10,3,,,,3,Hunter(10),true,false,false,5,16,,22,2,8,2,19,9,62,22,2,8,2,19,9,62,,,dismantle,Streetwise Vest*,,,,,,,,
Twofold Crown Bond,3533586691,"""6917530148348609421""",archive,Legendary,5,Warlock Bond,trials,Warlock,456,11,Gunner,melee,weapons,0,Vault,true,false,false,8,27,,30,0,0,25,0,20,75,30,0,0,25,0,20,75,,,,Upgrade Armor*,,,,,,,,
Twofold Crown Boots,3873235480,"""6917530141946817868""",keep,Legendary,5,Leg Armor,trials,Warlock,422,11,Paragon,grenade,super,0,Vault,true,false,false,8,27,,0,0,-5,20,35,35,85,0,0,0,20,30,25,75,,00001:✨Solpsism Surge,,Melee Mod*,Invigoration*,Weapons Font*,Stacks on Stacks*,Upgrade Armor*,+Super / -Class*,Primer*,Cryosphere Boots*,
Twofold Crown Boots,3873235480,"""6917530145906215466""",archive,Legendary,5,Leg Armor,trials,Warlock,447,11,Bulwark,weapons,super,0,Vault,true,false,false,8,27,,20,30,25,0,0,0,75,20,30,25,0,0,0,75,,,,Upgrade Armor*,,,,,,,,
Twofold Crown Cowl,85371703,"""6917530142319533319""",archive,Legendary,4,Helmet,trials,Warlock,412,11,Gunner,melee,,0,Vault,true,false,false,8,27,,30,0,0,25,0,19,74,30,0,0,25,0,19,74,,,,Upgrade Armor*,,,,,,,,
Twofold Crown Cowl,85371703,"""6917530146438000490""",archive,Legendary,5,Helmet,trials,Warlock,452,11,Bulwark,grenade,melee,0,Vault,true,false,false,8,27,,0,30,25,20,0,0,75,0,30,25,20,0,0,75,,,,Upgrade Armor*,,,,,,,,
Twofold Crown Cowl,85371703,"""6917530148350134999""",archive,Legendary,5,Helmet,trials,Warlock,456,11,Specialist,grenade,health,0,Vault,true,false,false,8,27,,25,0,30,20,0,0,75,25,0,30,20,0,0,75,,,,Upgrade Armor*,,,,,,,,
Twofold Crown Cowl,85371703,"""6917530148351557881""",archive,Legendary,5,Helmet,trials,Warlock,469,11,Brawler,weapons,class,0,Vault,true,false,false,8,27,,20,25,0,0,0,30,75,20,25,0,0,0,30,75,,,,Upgrade Armor*,,,,,,,,
Twofold Crown Gloves,3453853118,"""6917530141946817512""",keep,Legendary,5,Gauntlets,trials,Warlock,415,11,Paragon,weapons,super,5,Vault,true,false,false,8,27,,30,0,5,5,35,25,100,20,0,0,0,30,25,75,,00001:✨Rime Coat,,Weapons Mod*,Momentum Transfer*,Grenade Kickstart*,Stasis Loader*,Upgrade Armor*,+Super / -Health*,Jacarina*,Meridian Constellation Wraps*,
Twofold Crown Robes,2896769138,"""6917530146442825052""",archive,Legendary,5,Chest Armor,trials,Warlock,452,11,Specialist,health,health,0,Vault,true,false,false,8,27,,25,20,30,0,0,0,75,25,20,30,0,0,0,75,,,,Upgrade Armor*,,,,,,,,
Twofold Crown Robes,2896769138,"""6917530148351555689""",archive,Legendary,5,Chest Armor,trials,Warlock,468,11,Specialist,grenade,health,0,Vault,true,false,false,8,27,,25,0,30,20,0,0,75,25,0,30,20,0,0,75,,,,Upgrade Armor*,,,,,,,,
Ursa Furiosa,1848640623,"""6917529821455228342""",archive,Exotic,0,Gauntlets,,Titan,10,3,,,,3,Vault,true,false,false,2,4,,2,16,14,12,12,8,64,2,16,14,12,12,8,64,,,,Ursine Guard*,,,,,,,,
Veiled Tithes Grips,3832002135,"""6917530004314435762""",archive,Legendary,0,Gauntlets,seasonpass,Hunter,10,4,,,,4,Hunter(10),true,false,false,6,22,,26,6,2,15,10,7,66,26,6,2,15,10,7,66,,,,,,,,,,,,
Veiled Tithes Mask,523074950,"""6917530004316675160""",archive,Legendary,0,Helmet,seasonpass,Hunter,10,2,,,,2,Hunter(10),true,false,false,6,22,,22,6,6,17,2,14,67,22,6,6,17,2,14,67,,,,,,,,,,,,
Veiled Tithes Strides,1345569657,"""6917530004314439006""",archive,Legendary,0,Leg Armor,seasonpass,Hunter,10,2,,,,2,Hunter(10),true,false,false,6,22,,20,6,6,16,6,10,64,20,6,6,16,6,10,64,,,,,,,,,,,,
Veiled Tithes Vest,4067720865,"""6917530004316672633""",archive,Legendary,0,Chest Armor,seasonpass,Hunter,10,3,,,,3,Hunter(10),true,false,false,6,22,,12,6,16,20,6,6,66,12,6,16,20,6,6,66,,,,,,,,,,,,
Verity's Brow,2428181146,"""6917529614710908697""",archive,Exotic,0,Helmet,,Warlock,10,10,,,,10,Vault,true,false,false,1,3,,4,23,20,26,4,8,85,2,16,18,24,2,6,68,,,,The Fourth Magic*,Minor Health Mod*,Harmonic Siphon*,Ashes to Assets*,Heavy Ammo Finder*,,,,
Verity's Brow,2553961985,"""6917530140476925474""",keep,Exotic,5,Helmet,,Warlock,422,11,Grenadier,class,,5,Vault,true,false,false,1,3,,5,5,20,40,25,5,100,0,0,20,30,25,0,75,,00001:🟣 Handheld Supernova,,The Fourth Magic*,Grenade Mod*,Harmonic Siphon*,Ashes to Assets*,Super Font*,Upgrade Armor*,Primer*,Tactihive*,
Verity's Brow,2553961985,"""6917530140479003166""",archive,Exotic,5,Helmet,,Warlock,200,11,Grenadier,health,,0,Vault,true,false,false,1,3,,0,20,0,30,25,0,75,0,20,0,30,25,0,75,,,,The Fourth Magic*,Upgrade Armor*,,,,,,,
Vesper of Radius,1725917554,"""6917529879662977493""",archive,Exotic,0,Chest Armor,,Warlock,10,10,,,,10,Vault,true,false,false,1,2,,4,22,25,24,11,4,90,2,10,23,22,9,2,68,,,,Planetary Torrent*,Health Mod*,Charged Up*,Concussive Dampener*,Superblack*,,,,
Vesper of Radius,3139221735,"""6917530130609859703""",archive,Exotic,5,Chest Armor,,Warlock,213,11,Paragon,health,,0,Vault,true,false,false,1,2,,0,20,0,0,30,25,75,0,20,0,0,30,25,75,,,,Planetary Torrent*,Upgrade Armor*,,,,,,,
Warmind's Avatar Chestplate,839296981,"""6917529854136286550""",archive,Legendary,0,Chest Armor,rasputin,Titan,10,10,,,,10,Titan(10),true,false,false,5,19,,4,32,4,17,12,8,77,2,30,2,15,10,6,65,,,,,,,,,,,,
Warmind's Avatar Gauntlets,1525902715,"""6917529850232320093""",junk,Legendary,0,Gauntlets,rasputin,Titan,10,3,,,,3,Vault,false,false,false,5,19,,10,10,10,10,10,10,60,10,10,10,10,10,10,60,,,dismantle,,,,,,,,,
Warmind's Avatar Helm,1059446290,"""6917529854124811157""",keep,Legendary,0,Helmet,rasputin,Titan,10,10,,,,10,Titan(10),true,true,false,5,19,,4,32,4,14,12,24,90,2,30,2,2,10,22,68,,"00002:D2ArmorPicker Loadout12,Raid",,Grenade Mod*,Spark of Joy*,Ringwalker Helm*,,,,,,
Warmind's Avatar Legguards,1940895219,"""6917529851125495062""",archive,Legendary,0,Leg Armor,rasputin,Hunter,10,3,,,,3,Hunter(10),true,false,false,5,19,,6,15,10,16,6,10,63,6,15,10,16,6,10,63,,,,,,,,,,,,
Warmind's Avatar Legplates,4270910189,"""6917529850232314707""",archive,Legendary,0,Leg Armor,rasputin,Titan,10,3,,,,3,Titan(10),true,false,false,5,19,,6,22,6,10,10,10,64,6,22,6,10,10,10,64,,,,,,,,,,,,
Warmind's Avatar Mask,648266032,"""6917529854387232925""",archive,Legendary,0,Helmet,rasputin,Hunter,10,3,,,,3,Hunter(10),true,false,false,5,19,,2,22,10,19,8,6,67,2,22,10,19,8,6,67,,,,,,,,,,,,
Warmind's Avatar Vambraces,446049665,"""6917529851125493535""",archive,Legendary,0,Gauntlets,rasputin,Hunter,10,3,,,,3,Hunter(10),true,false,false,5,19,,6,15,10,14,6,11,62,6,15,10,14,6,11,62,,,,,,,,,,,,
Warmind's Avatar Vest,4116381015,"""6917529851107921222""",archive,Legendary,0,Chest Armor,rasputin,Hunter,10,3,,,,3,Hunter(10),true,false,false,5,19,,2,30,2,22,6,6,68,2,30,2,22,6,6,68,,,,,,,,,,,,
Wild Hunt Gauntlets,2545401128,"""6917529808735912513""",archive,Legendary,0,Gauntlets,seasonpass,Titan,10,1,,,,1,Vault,true,false,false,4,12,,2,22,10,6,14,12,66,2,22,10,6,14,12,66,,,,,,,,,,,,
Wild Hunt Grasps,2025716654,"""6917529811501779984""",junk,Legendary,0,Gauntlets,seasonpass,Hunter,10,1,,,,1,Hunter(10),false,false,false,4,12,,12,6,6,6,6,12,48,12,6,6,6,6,12,48,,,dismantle,,,,,,,,,
Wild Hunt Strides,238284968,"""6917529811487200353""",junk,Legendary,0,Leg Armor,seasonpass,Hunter,10,1,,,,1,Hunter(10),false,false,false,4,12,,6,12,6,12,6,6,48,6,12,6,12,6,6,48,,,dismantle,,,,,,,,,
Wildwood Boots,1756485325,"""6917530182671806831""",archive,Legendary,5,Leg Armor,edz,Warlock,459,11,Gunner,health,class,0,Vault,true,false,false,8,28,,30,20,0,25,0,0,75,30,20,0,25,0,0,75,,,,Upgrade Armor*,,,,,,,,
Wildwood Cover,2881668722,"""6917530182665872827""",archive,Legendary,5,Helmet,edz,Warlock,459,11,Bulwark,super,grenade,0,Vault,true,false,false,8,28,,0,30,25,0,20,0,75,0,30,25,0,20,0,75,,,,Upgrade Armor*,,,,,,,,
Wildwood Cover,2881668722,"""6917530182675681614""",archive,Legendary,5,Helmet,edz,Warlock,459,11,Bulwark,super,class,0,Vault,true,false,false,8,28,,0,30,25,0,20,0,75,0,30,25,0,20,0,75,,,,Upgrade Armor*,,,,,,,,
Wildwood Gloves,3306445147,"""6917530182665881491""",archive,Legendary,3,Gauntlets,edz,Warlock,459,10,Bulwark,weapons,,0,Vault,true,false,false,8,28,,16,29,21,0,0,0,66,16,29,21,0,0,0,66,,,,,,,,,,,,
Wildwood Robes,601487797,"""6917530182665873340""",archive,Legendary,5,Chest Armor,edz,Warlock,459,11,Bulwark,melee,melee,0,Vault,true,false,false,8,28,,0,30,25,0,0,20,75,0,30,25,0,0,20,75,,,,Upgrade Armor*,,,,,,,,
Wings of Sacred Dawn,370930766,"""6917530003383249759""",archive,Exotic,0,Chest Armor,,Warlock,10,3,,,,3,Vault,true,false,false,1,1,,4,10,23,24,6,2,69,4,10,23,24,6,2,69,,,,Tome of Dawn*,,,,,,,,
Wings of Sacred Dawn,1179169099,"""6917530128091489462""",archive,Exotic,5,Chest Armor,,Warlock,84,11,Grenadier,weapons,,0,Vault,true,false,false,1,1,,20,0,0,30,25,0,75,20,0,0,30,25,0,75,,,,Tome of Dawn*,Upgrade Armor*,,,,,,,
Wings of Sacred Dawn,1179169099,"""6917530144700435369""",archive,Exotic,5,Chest Armor,,Warlock,200,11,Gunner,health,,0,Vault,true,false,false,1,1,,30,20,0,25,0,0,75,30,20,0,25,0,0,75,,,,Tome of Dawn*,Upgrade Armor*,,,,,,,
Winter's Guile,3844826443,"""6917529937299730260""",archive,Exotic,0,Gauntlets,,Warlock,10,10,,,,10,Vault,true,false,false,1,1,,12,17,10,17,8,12,76,10,15,8,15,6,10,64,,,,Warlord's Sigil*,Heavy Handed*,Melee Kickstart*,Melee Kickstart*,,,,,
Winter's Guile,3844826443,"""6917530007567074182""",archive,Exotic,0,Gauntlets,,Warlock,10,1,,,,1,Vault,true,false,false,1,1,,10,2,22,11,10,10,65,10,2,22,11,10,10,65,,,,Warlord's Sigil*,,,,,,,,
Winter's Guile,900910756,"""6917530145393028544""",archive,Exotic,5,Gauntlets,,Warlock,432,11,Specialist,super,,0,Vault,true,false,false,1,1,,25,0,30,0,20,0,75,25,0,30,0,20,0,75,,,,Warlord's Sigil*,Upgrade Armor*,,,,,,,
Winter's Guile,900910756,"""6917530183030073946""",keep,Exotic,5,Gauntlets,,Warlock,501,11,Brawler,class,,5,Warlock(433),true,false,false,1,1,,0,25,20,5,10,35,95,0,25,20,0,0,30,75,,"00002:Beta,🟣 Soul Siphon - Winters",,Warlord's Sigil*,Minor Super Mod*,Heavy Handed*,Heavy Handed*,Heavy Handed*,Upgrade Armor*,+Melee / -Weapons*,,
Wormgod Caress,1734844651,"""6917529850226504191""",archive,Exotic,0,Gauntlets,,Titan,10,3,,,,3,Vault,true,false,false,1,3,,15,14,3,15,7,9,63,15,14,3,15,7,9,63,,,,Burning Fists*,,,,,,,,
Wormhusk Crown,3562696927,"""6917529205125616829""",archive,Exotic,0,Helmet,,Hunter,10,5,,,,5,Vault,true,false,false,1,3,,10,19,3,7,14,8,61,10,19,3,7,14,8,61,,,,Burning Souls*,Nebula Rose*,,,,,,,
Wyrmguard Chestplate,3005056146,"""6917530008339085561""",archive,Legendary,0,Chest Armor,rivenslair,Titan,10,3,,,,3,Titan(10),true,false,false,6,23,,2,30,2,15,10,6,65,2,30,2,15,10,6,65,,,,,,,,,,,,
Wyrmguard Gauntlets,3837409374,"""6917530008331457040""",junk,Legendary,0,Gauntlets,rivenslair,Titan,10,2,,,,2,Titan(10),false,false,false,6,23,,10,10,10,10,10,10,60,10,10,10,10,10,10,60,,,,,,,,,,,,
Wyrmguard Greaves,386385208,"""6917530008343073904""",archive,Legendary,0,Leg Armor,rivenslair,Titan,10,4,,,,4,Titan(10),true,false,false,6,23,,6,22,6,10,10,10,64,6,22,6,10,10,10,64,,,,,,,,,,,,
Wyrmguard Helm,469031127,"""6917530008343074476""",archive,Legendary,0,Helmet,rivenslair,Titan,10,2,,,,2,Titan(10),true,false,false,6,23,,2,30,2,2,10,22,68,2,30,2,2,10,22,68,,,,,,,,,,,,
Wyrmguard Mark,3600297123,"""6917530008343076913""",junk,Legendary,0,Titan Mark,rivenslair,Titan,10,2,,,,2,Titan(10),false,false,false,6,23,,0,0,0,0,0,0,0,0,0,0,0,0,0,0,,,,,,,,,,,,
Wyrmguard Mask,713622571,"""6917530008339091744""",archive,Legendary,0,Helmet,rivenslair,Hunter,10,5,,,,5,Hunter(10),true,false,false,6,23,,2,22,10,19,8,6,67,2,22,10,19,8,6,67,,,,,,,,,,,,
Wyrmguard Strides,716705876,"""6917530008343077290""",archive,Legendary,0,Leg Armor,rivenslair,Hunter,10,2,,,,2,Hunter(10),true,false,false,6,23,,6,15,10,16,6,10,63,6,15,10,16,6,10,63,,,,,,,,,,,,
Wyrmguard Tunic,3013248110,"""6917530008331454457""",archive,Legendary,0,Chest Armor,rivenslair,Hunter,10,3,,,,3,Hunter(10),true,false,false,6,23,,2,30,2,22,6,6,68,2,30,2,22,6,6,68,,,,,,,,,,,,